Player,Pos,Age,Tm,G,MP,PER,ORB%,DRB%,TRB%,AST%,STL%,BLK%,USG%,OWS,DWS,WS,WS/48,OBPM,DBPM,BPM,VORP,ANBA,RK,ANBARK,Year
Precious Achiuwa,PF-C,24,TOT,74,1624,14.6,13.0,20.5,16.7,8.4,1.4,3.9,15.9,1.2,2.2,3.4,0.102,-1.7,0.3,-1.4,0.2,0,0,0,2024
Ochai Agbaji,SG,23,TOT,78,1641,7.7,4.9,9.6,7.2,6.6,1.4,2.4,13.4,-0.5,0.6,0.1,0.002,-3.5,-0.9,-4.4,-1.0,0,0,0,2024
OG Anunoby,SF,26,TOT,50,1702,12.8,3.0,10.6,6.8,9.0,2.0,1.9,17.6,1.1,1.5,2.6,0.073,-1.0,0.5,-0.6,0.6,0,0,0,2024
Marvin Bagley III,C,24,TOT,50,1053,19.4,13.1,19.2,16.1,8.1,0.9,2.6,21.0,2.0,0.7,2.7,0.122,1.0,-1.4,-0.4,0.4,0,0,0,2024
Dalano Banton,PG,24,TOT,54,1047,13.3,4.2,15.2,9.5,19.4,1.6,1.7,25.7,-0.4,0.9,0.5,0.024,-0.7,-0.6,-1.3,0.2,0,0,0,2024
RJ Barrett,SG,23,TOT,58,1838,16.4,3.1,16.0,9.5,16.7,0.8,1.1,26.5,1.6,1.2,2.9,0.075,0.7,-1.5,-0.8,0.6,0,0,0,2024
Keita Bates-Diop,SF,28,TOT,53,665,11.5,5.5,12.8,9.3,7.4,1.8,2.9,13.0,0.5,0.8,1.3,0.091,-1.5,0.4,-1.0,0.2,0,0,0,2024
Nicolas Batum,PF,35,TOT,60,1529,10.2,5.0,13.1,9.0,10.7,1.5,2.3,8.6,1.7,1.6,3.3,0.103,-1.3,0.8,-0.4,0.6,0,0,0,2024
Darius Bazley,PF,23,TOT,9,152,13.9,5.8,14.4,10.1,6.0,1.9,4.1,11.9,0.2,0.1,0.3,0.084,-0.9,0.5,-0.4,0.1,0,0,0,2024
Dāvis Bertāns,PF,31,TOT,43,674,11.6,1.5,8.8,5.1,7.2,1.9,1.7,17.4,0.5,0.4,0.9,0.061,-0.8,-0.6,-1.4,0.1,0,0,0,2024
Patrick Beverley,PG,35,TOT,73,1462,11.6,3.7,14.3,9.0,19.0,1.4,1.9,14.3,1.2,1.5,2.7,0.09,-1.5,0.5,-1.1,0.3,0,0,0,2024
Bismack Biyombo,C,31,TOT,40,791,9.9,8.3,21.1,14.5,9.5,0.7,4.4,10.7,0.1,1.0,1.1,0.066,-4.8,1.4,-3.4,-0.3,0,0,0,2024
Bojan Bogdanović,SF-PF,34,TOT,57,1478,12.6,1.6,10.0,5.7,10.3,1.0,0.3,24.6,0.3,0.7,1.1,0.034,-0.7,-2.5,-3.2,-0.4,0,0,0,2024
Marques Bolden,C,25,TOT,11,121,16.0,9.0,22.8,15.8,4.8,1.2,5.4,10.9,0.2,0.1,0.3,0.134,-2.1,-0.5,-2.7,0.0,0,0,0,2024
Jamaree Bouyea,PG,24,TOT,9,95,1.5,3.4,19.2,11.0,15.9,0.5,0.0,16.5,-0.3,0.1,-0.3,-0.129,-10.2,-2.0,-12.3,-0.2,0,0,0,2024
Bruce Brown,PG-SG,27,TOT,67,1866,11.6,3.1,14.0,8.5,13.2,1.5,0.8,16.5,1.2,1.0,2.2,0.058,-2.4,-1.0,-3.3,-0.6,0,0,0,2024
Troy Brown Jr.,SF,24,TOT,59,827,8.8,3.5,16.0,9.8,9.7,1.4,0.3,14.3,0.0,0.9,0.8,0.048,-2.8,0.2,-2.6,-0.1,0,0,0,2024
Alec Burks,SG,32,TOT,66,1212,12.9,2.2,11.8,6.9,10.7,1.1,0.9,24.4,0.7,0.7,1.4,0.054,-0.3,-2.0,-2.3,-0.1,0,0,0,2024
Robert Covington,SF-PF,33,TOT,29,488,13.6,6.9,15.2,11.0,6.3,3.9,3.4,10.7,0.6,0.9,1.5,0.145,-1.1,3.2,2.2,0.5,0,0,0,2024
Seth Curry,SG,33,TOT,44,616,9.9,3.2,9.0,6.1,9.7,1.7,0.9,16.8,0.1,0.4,0.5,0.04,-2.6,-0.6,-3.3,-0.2,0,0,0,2024
Mamadi Diakite,PF,27,TOT,6,24,18.6,4.5,13.8,9.1,13.5,2.1,3.5,17.0,0.1,0.0,0.1,0.168,0.8,2.7,3.5,0.0,0,0,0,2024
Spencer Dinwiddie,PG,30,TOT,76,2152,11.7,1.5,9.0,5.2,22.7,1.2,0.9,16.6,2.3,1.3,3.6,0.081,-1.3,-0.6,-1.9,0.1,0,0,0,2024
Tosan Evbuomwan,SF,22,TOT,17,367,9.9,5.3,13.0,9.1,5.9,0.8,1.2,10.6,0.4,0.2,0.5,0.071,-2.4,-0.7,-3.0,-0.1,0,1,0,2024
Malachi Flynn,PG,25,TOT,69,876,11.9,2.6,12.0,7.2,21.1,2.1,0.8,20.4,-0.1,0.6,0.5,0.029,-2.0,-0.2,-2.2,0.0,0,0,0,2024
Simone Fontecchio,SF,28,TOT,66,1644,12.1,4.3,12.2,8.3,8.7,1.3,1.2,16.5,1.5,0.6,2.1,0.061,0.0,-1.0,-1.0,0.4,0,0,0,2024
Evan Fournier,SG,31,TOT,32,580,8.5,0.9,10.4,5.6,11.6,2.4,1.0,19.0,-0.5,0.4,-0.1,-0.005,-4.7,0.3,-4.3,-0.3,0,0,0,2024
Alex Fudge,SF,20,TOT,6,40,9.8,11.3,2.7,6.9,0.0,3.6,0.0,19.2,0.0,0.0,0.0,-0.007,-3.7,-1.5,-5.2,0.0,0,1,0,2024
Daniel Gafford,C-PF,25,TOT,74,1815,21.7,11.4,22.1,16.7,9.1,1.7,7.1,14.7,5.2,2.5,7.8,0.205,0.7,1.9,2.6,2.1,0,0,0,2024
Danilo Gallinari,PF-SF,35,TOT,49,630,13.4,3.4,15.3,9.3,11.6,1.1,0.8,17.2,1.0,0.3,1.3,0.098,-0.8,-1.0,-1.9,0.0,0,0,0,2024
Taj Gibson,PF,38,TOT,20,204,5.9,6.6,13.8,10.2,6.9,0.7,3.2,9.0,0.0,0.2,0.2,0.044,-5.3,0.1,-5.3,-0.2,0,0,0,2024
Harry Giles,C,25,TOT,23,100,14.8,12.8,20.0,16.4,10.5,1.0,2.7,26.7,0.0,0.1,0.1,0.027,-2.7,-2.0,-4.8,-0.1,0,0,0,2024
Jacob Gilyard,PG,25,TOT,41,699,11.1,1.4,6.0,3.6,27.7,2.3,0.7,11.1,0.8,0.6,1.4,0.095,-2.0,0.6,-1.4,0.1,0,0,0,2024
Jordan Goodwin,PG,25,TOT,57,1055,12.6,9.3,17.3,13.3,20.9,2.2,1.6,19.0,-0.2,1.4,1.2,0.054,-1.5,0.5,-1.0,0.3,0,0,0,2024
Quentin Grimes,SG,23,TOT,51,1025,8.9,1.6,9.3,5.5,8.7,1.7,0.6,15.8,0.3,1.0,1.3,0.06,-2.6,0.4,-2.2,-0.1,0,0,0,2024
Gordon Hayward,SF,33,TOT,51,1245,12.8,3.4,13.0,8.1,18.3,1.6,1.0,18.4,0.6,0.9,1.5,0.058,-1.6,-0.5,-2.1,0.0,0,0,0,2024
Buddy Hield,SF-SG,31,TOT,84,2160,13.3,3.1,10.9,7.0,14.5,1.6,1.6,19.2,1.9,1.6,3.5,0.077,1.0,-0.6,0.4,1.3,0,0,0,2024
Richaun Holmes,C-PF,30,TOT,40,555,14.5,13.7,21.8,17.7,6.0,0.9,2.9,14.7,0.8,0.5,1.3,0.114,-2.4,-0.8,-3.3,-0.2,0,0,0,2024
Trey Jemison,C,24,TOT,25,573,11.8,11.7,13.9,12.8,7.1,1.0,4.6,13.5,0.3,0.6,0.9,0.073,-4.7,-0.4,-5.1,-0.5,0,1,0,2024
Kira Lewis Jr.,PG,22,TOT,28,265,8.6,3.8,7.0,5.4,18.8,1.7,0.7,18.5,-0.2,0.2,0.0,-0.005,-4.4,-1.4,-5.8,-0.3,0,0,0,2024
Kenneth Lofton Jr.,PF,21,TOT,21,199,14.7,6.6,14.6,10.5,25.7,1.5,2.3,22.1,0.1,0.2,0.3,0.068,-0.6,0.3,-0.3,0.1,0,0,0,2024
Kyle Lowry,PG,37,TOT,60,1690,10.9,2.2,10.8,6.4,20.1,1.7,1.2,12.9,1.6,1.9,3.5,0.1,-1.9,0.9,-1.0,0.4,0,0,0,2024
Théo Maledon,PG,22,TOT,17,213,3.2,2.0,10.8,6.3,17.8,1.6,0.0,19.6,-0.6,0.1,-0.5,-0.122,-8.3,-2.1,-10.3,-0.5,0,0,0,2024
Tre Mann,PG,22,TOT,41,987,13.7,2.2,15.0,8.5,24.1,2.5,0.3,18.2,0.4,0.8,1.2,0.058,-1.7,0.4,-1.3,0.2,0,0,0,2024
KJ Martin,SF,23,TOT,60,746,9.9,6.0,13.6,9.7,9.4,1.5,1.5,13.4,0.3,0.8,1.1,0.071,-4.0,-0.1,-4.1,-0.4,0,0,0,2024
Skylar Mays,PG-SG,26,TOT,38,433,12.0,2.5,8.9,5.6,29.1,2.4,0.8,18.4,0.1,0.3,0.4,0.044,-2.1,0.1,-2.0,0.0,0,0,0,2024
Doug McDermott,SF,32,TOT,64,904,9.1,1.2,6.0,3.6,10.3,0.8,0.2,14.9,0.6,0.3,0.9,0.046,-1.5,-1.9,-3.4,-0.3,0,0,0,2024
Chimezie Metu,C,26,TOT,51,859,13.3,5.5,19.6,12.7,7.4,2.4,1.6,16.2,0.5,1.1,1.5,0.085,-2.1,0.8,-1.3,0.2,0,0,0,2024
Vasilije Micić,PG,30,TOT,60,1176,10.7,1.3,7.1,4.2,31.1,1.3,0.6,18.8,-0.1,0.4,0.4,0.015,-2.5,-2.2,-4.6,-0.8,0,1,0,2024
Patty Mills,PG,35,TOT,32,415,7.2,2.3,7.1,4.7,11.1,2.4,0.2,15.9,-0.3,0.4,0.1,0.009,-5.0,0.4,-4.6,-0.3,0,0,0,2024
Shake Milton,SG,27,TOT,48,581,9.2,2.8,11.5,7.3,14.4,1.6,0.9,18.7,-0.2,0.8,0.6,0.048,-4.3,0.6,-3.7,-0.3,0,0,0,2024
Marcus Morris,PF,34,TOT,49,817,9.9,3.1,15.2,9.1,6.1,0.9,1.4,16.6,0.2,0.8,1.0,0.06,-2.5,-1.3,-3.8,-0.4,0,0,0,2024
Monte Morris,PG,28,TOT,33,476,13.2,1.7,11.5,6.8,20.0,2.0,1.7,15.5,0.5,0.7,1.2,0.123,-0.8,1.5,0.7,0.3,0,0,0,2024
Mike Muscala,C,32,TOT,53,600,7.5,7.0,15.8,11.3,7.6,0.7,1.8,13.4,-0.2,0.3,0.1,0.009,-3.9,-1.4,-5.3,-0.5,0,0,0,2024
Jaylen Nowell,SG,24,TOT,13,214,9.2,3.0,9.6,6.2,13.6,0.9,0.8,17.8,0.0,0.1,0.1,0.016,-4.1,-1.4,-5.4,-0.2,0,0,0,2024
Jordan Nwora,SF,25,TOT,52,712,13.7,4.3,19.1,11.6,12.3,1.8,1.6,22.4,-0.1,0.6,0.5,0.034,-1.1,-1.5,-2.5,-0.1,0,0,0,2024
Royce O'Neale,SF,30,TOT,79,1954,11.1,3.4,17.9,10.7,15.0,1.5,2.0,13.9,1.3,2.1,3.4,0.085,-1.0,1.0,0.0,1.0,0,0,0,2024
Kelly Olynyk,C,32,TOT,78,1759,17.4,6.7,19.0,12.9,27.6,2.0,1.5,17.5,3.5,1.4,4.9,0.133,0.7,1.1,1.8,1.7,0,0,0,2024
Cameron Payne,PG,29,TOT,78,1304,12.8,1.8,8.1,4.9,21.9,1.6,0.8,19.1,1.4,1.0,2.4,0.089,-0.5,-0.6,-1.1,0.3,0,0,0,2024
Filip Petrušev,C,23,TOT,3,10,5.1,0.0,11.2,5.5,0.0,0.0,0.0,12.3,0.0,0.0,0.0,0.029,-4.7,-3.3,-8.0,0.0,0,1,0,2024
Aleksej Pokusevski,PF,22,TOT,28,405,12.7,4.6,20.4,12.3,12.0,1.8,3.0,17.2,0.0,0.4,0.4,0.05,-1.8,-0.1,-1.9,0.0,0,0,0,2024
Immanuel Quickley,PG-SG,24,TOT,68,1985,16.7,0.9,13.7,7.2,24.6,1.2,0.5,23.8,3.5,1.2,4.7,0.115,2.2,-0.9,1.3,1.7,0,0,0,2024
David Roddy,PF,22,TOT,65,1177,8.7,4.8,15.2,9.8,10.3,1.1,0.9,18.1,-0.9,1.0,0.1,0.004,-4.0,-1.0,-5.0,-0.9,0,0,0,2024
Ryan Rollins,PG,21,TOT,13,78,22.0,2.7,15.4,8.9,25.0,6.0,3.1,23.0,0.1,0.1,0.3,0.155,0.6,5.1,5.7,0.2,0,0,0,2024
Terry Rozier,PG-SG,29,TOT,61,2040,17.3,1.9,12.0,6.8,27.5,1.5,1.0,25.9,2.3,1.6,3.9,0.091,2.2,-0.7,1.5,1.8,0,0,0,2024
Dennis Schröder,PG,30,TOT,80,2486,13.3,1.7,9.2,5.3,28.0,1.2,0.6,20.3,2.3,1.0,3.3,0.063,-0.5,-1.3,-1.8,0.1,0,0,0,2024
Pascal Siakam,PF,29,TOT,80,2657,19.7,5.8,18.1,11.9,19.4,1.1,0.8,25.3,5.4,1.5,6.9,0.124,2.6,-0.7,1.9,2.7,0,0,0,2024
Jaden Springer,SG-PG,21,TOT,49,507,10.7,7.1,9.8,8.4,11.5,3.5,2.7,17.1,-0.3,0.8,0.6,0.052,-4.9,1.5,-3.4,-0.2,0,0,0,2024
Lamar Stevens,PF,26,TOT,38,559,14.6,6.9,18.2,12.4,7.9,2.0,3.6,22.2,0.0,0.8,0.8,0.068,-2.2,-0.1,-2.2,0.0,0,0,0,2024
Daniel Theis,C,31,TOT,60,1015,14.4,9.8,17.1,13.6,8.3,1.0,4.5,15.4,1.4,1.2,2.5,0.119,-1.7,0.1,-1.6,0.1,0,0,0,2024
Xavier Tillman Sr.,C-PF,25,TOT,54,974,12.2,7.7,16.1,11.8,11.3,2.6,4.2,14.8,-0.1,1.6,1.4,0.071,-3.1,1.9,-1.2,0.2,0,0,0,2024
P.J. Tucker,PF,38,TOT,31,486,5.9,6.7,12.9,9.8,3.9,1.6,1.3,5.3,0.2,0.5,0.7,0.068,-4.0,0.4,-3.6,-0.2,0,0,0,2024
Ish Wainright,SF,29,TOT,11,62,8.9,5.8,20.8,12.7,2.0,3.2,1.5,18.5,0.0,0.1,0.0,0.029,-2.9,0.5,-2.4,0.0,0,0,0,2024
P.J. Washington,PF,25,TOT,73,2221,12.2,4.2,16.5,10.3,9.3,1.6,2.4,19.1,0.0,1.9,1.9,0.04,-1.7,-0.4,-2.1,-0.1,0,0,0,2024
Yuta Watanabe,SF,29,TOT,34,464,4.7,2.8,10.1,6.5,4.2,1.3,1.3,13.3,-0.5,0.4,-0.1,-0.009,-5.3,-1.1,-6.4,-0.5,0,0,0,2024
Grant Williams,PF,25,TOT,76,2130,10.6,4.4,12.2,8.3,11.3,1.0,1.6,15.9,1.3,1.3,2.6,0.059,-1.9,-0.7,-2.6,-0.3,0,0,0,2024
Dylan Windler,SF,27,TOT,17,108,14.2,2.9,13.4,8.1,12.3,0.9,0.0,12.5,0.3,0.0,0.3,0.14,1.7,-1.0,0.7,0.1,0,0,0,2024
Delon Wright,PG,31,TOT,47,742,13.6,2.7,10.0,6.3,20.8,3.5,1.3,12.8,0.8,0.9,1.7,0.109,-2.0,2.5,0.4,0.5,0,0,0,2024
Thaddeus Young,PF,35,TOT,33,439,15.9,11.7,14.5,13.0,17.9,2.5,1.0,12.6,0.9,0.4,1.3,0.138,-0.5,0.8,0.3,0.2,0,0,0,2024
Bam Adebayo,C,26,MIA,71,2416,19.8,7.4,27.3,17.3,18.9,1.7,2.7,24.9,2.9,4.3,7.2,0.144,0.8,1.7,2.4,2.7,0,0,0,2024
Santi Aldama,PF,23,MEM,61,1618,13.1,4.7,19.7,11.9,13.3,1.3,3.1,17.9,0.4,2.0,2.4,0.07,-0.7,0.4,-0.2,0.7,0,0,0,2024
Nickeil Alexander-Walker,SG,25,MIN,82,1921,10.9,2.2,7.5,4.9,14.5,1.6,1.9,14.8,1.5,2.8,4.3,0.107,-1.1,1.3,0.2,1.1,0,0,0,2024
Grayson Allen,SG,28,PHO,75,2513,13.8,2.3,10.6,6.6,12.1,1.3,1.6,14.5,4.7,2.2,6.9,0.132,1.1,0.1,1.3,2.0,0,0,0,2024
Jarrett Allen,C,25,CLE,77,2442,21.8,11.3,25.8,18.7,13.2,1.1,3.0,19.4,6.8,3.9,10.7,0.21,2.1,0.9,3.0,3.1,0,0,0,2024
Timmy Allen,SF,24,MEM,5,125,0.8,3.4,11.8,7.4,5.4,1.6,0.0,8.9,-0.2,0.1,-0.1,-0.041,-10.3,-0.7,-11.1,-0.3,0,1,0,2024
Jose Alvarado,PG,25,NOP,56,1028,12.5,2.7,11.0,6.9,15.3,2.8,1.4,17.3,0.6,1.5,2.1,0.097,-1.5,1.5,-0.1,0.5,0,0,0,2024
Kyle Anderson,PF,30,MIN,79,1782,12.7,4.0,13.0,8.7,25.0,2.0,2.3,14.5,1.4,3.1,4.5,0.121,-1.6,2.7,1.1,1.4,0,0,0,2024
Giannis Antetokounmpo,PF,29,MIL,73,2567,29.9,8.6,27.0,17.9,32.7,1.6,2.6,33.0,9.5,3.7,13.2,0.246,6.7,2.4,9.0,7.2,1,0,0,2024
Thanasis Antetokounmpo,PF,31,MIL,34,155,5.5,5.1,4.2,4.6,13.9,2.2,2.2,12.5,-0.2,0.1,0.0,-0.01,-6.7,0.3,-6.4,-0.2,0,0,0,2024
Cole Anthony,PG,23,ORL,81,1817,14.6,4.1,16.1,10.1,19.8,1.7,1.9,23.7,0.9,2.7,3.6,0.096,-0.6,0.7,0.1,1.0,0,0,0,2024
Ryan Arcidiacono,PG,29,NYK,20,45,-2.0,0.0,20.0,10.0,10.4,2.2,0.0,7.7,-0.1,0.1,-0.1,-0.089,-11.5,1.9,-9.6,-0.1,0,0,0,2024
Deni Avdija,SF,23,WAS,75,2257,14.9,3.9,22.1,12.8,17.8,1.2,1.3,20.2,1.7,1.5,3.2,0.068,-0.7,-0.2,-0.9,0.6,0,0,0,2024
Deandre Ayton,C,25,POR,55,1784,18.9,10.4,28.9,19.1,8.8,1.5,2.1,21.1,1.8,2.1,3.9,0.106,0.5,-0.2,0.3,1.0,0,0,0,2024
Udoka Azubuike,C,24,PHO,16,113,12.3,11.6,20.0,16.0,3.6,0.4,4.7,12.6,0.1,0.1,0.2,0.1,-3.0,-0.1,-3.2,0.0,0,0,0,2024
Ibou Badji,C,21,POR,22,226,8.1,9.4,16.3,12.6,7.7,0.7,8.0,8.0,0.0,0.2,0.2,0.046,-7.7,1.9,-5.8,-0.2,0,1,0,2024
Amari Bailey,PG,19,CHO,10,65,9.7,10.1,5.3,7.8,15.2,2.3,0.0,21.1,-0.1,0.0,-0.1,-0.044,-5.2,-3.1,-8.3,-0.1,0,1,0,2024
Patrick Baldwin Jr.,SF,21,WAS,38,493,9.7,3.6,23.5,13.3,7.6,1.7,2.5,15.9,-0.3,0.5,0.2,0.019,-4.0,-0.6,-4.6,-0.3,0,0,0,2024
LaMelo Ball,PG,22,CHO,22,711,20.8,4.4,13.7,8.9,43.1,2.8,0.5,34.3,0.6,0.5,1.1,0.074,3.8,-0.5,3.3,1.0,0,0,0,2024
Mo Bamba,C,25,PHI,57,740,15.4,11.3,24.5,17.8,7.6,1.5,7.4,15.1,0.6,1.3,2.0,0.128,-2.3,1.4,-1.0,0.2,0,0,0,2024
Paolo Banchero,PF,21,ORL,80,2799,17.3,3.4,20.0,11.6,25.2,1.3,1.6,29.7,1.3,4.0,5.3,0.09,1.3,0.0,1.3,2.3,0,0,0,2024
Desmond Bane,SG,25,MEM,42,1443,18.5,2.6,11.8,7.0,29.2,1.5,1.4,28.5,1.8,1.3,3.1,0.102,3.1,-0.3,2.8,1.7,0,0,0,2024
Dominick Barlow,PF,20,SAS,33,420,14.6,11.5,17.7,14.5,11.7,1.4,2.8,14.1,0.7,0.4,1.1,0.126,-1.7,0.0,-1.7,0.0,0,0,0,2024
Harrison Barnes,PF,31,SAC,82,2381,11.9,3.1,8.8,5.9,5.6,1.1,0.5,15.7,3.1,1.5,4.7,0.094,-0.6,-1.2,-1.8,0.1,0,0,0,2024
Scottie Barnes,SG,22,TOR,60,2094,19.5,7.3,18.9,13.0,26.2,1.7,3.7,24.8,2.3,2.0,4.3,0.098,2.9,0.8,3.7,3.0,0,0,0,2024
Charles Bassey,C,23,SAS,19,205,17.7,12.0,28.2,20.0,14.1,1.9,6.9,11.9,0.3,0.4,0.7,0.157,-1.8,3.1,1.3,0.2,0,0,0,2024
Emoni Bates,SF,20,CLE,15,133,2.6,0.9,10.9,5.9,10.0,0.4,1.4,19.5,-0.4,0.1,-0.3,-0.092,-6.2,-3.0,-9.2,-0.2,0,1,0,2024
Bradley Beal,SG,30,PHO,53,1767,16.3,3.6,10.8,7.4,22.5,1.4,1.3,22.7,2.4,1.5,3.9,0.107,0.9,-0.6,0.4,1.1,0,0,0,2024
Malik Beasley,SG,27,MIL,79,2337,10.3,2.0,11.4,6.8,6.1,1.2,0.3,14.6,1.9,1.6,3.5,0.073,-1.0,-0.8,-1.8,0.1,0,0,0,2024
MarJon Beauchamp,SF,23,MIL,48,608,9.7,4.1,13.6,8.9,6.7,1.0,1.0,14.6,0.2,0.5,0.7,0.056,-2.3,-0.9,-3.2,-0.2,0,0,0,2024
Jules Bernard,SG,24,WAS,19,149,12.7,7.0,11.8,9.3,15.4,0.9,0.5,21.5,0.0,0.0,0.1,0.026,-0.6,-2.5,-3.0,0.0,0,1,0,2024
Saddiq Bey,SF,24,ATL,63,2062,13.1,8.5,13.4,10.9,6.0,1.2,0.5,17.0,2.8,0.7,3.5,0.081,0.1,-2.0,-1.8,0.1,0,0,0,2024
Goga Bitadze,C,24,ORL,62,957,17.8,13.3,21.9,17.5,11.7,1.7,7.0,13.3,1.8,1.9,3.7,0.186,-0.7,2.8,2.1,1.0,0,0,0,2024
Onuralp Bitim,SG,24,CHI,23,268,5.0,2.5,11.1,6.7,6.5,0.6,0.8,15.8,-0.3,0.1,-0.1,-0.027,-5.4,-2.0,-7.4,-0.4,0,1,0,2024
Anthony Black,PG,20,ORL,69,1164,8.4,3.3,10.8,7.0,10.6,1.5,1.7,12.7,0.1,1.5,1.6,0.067,-3.8,0.8,-3.0,-0.3,0,1,0,2024
Leaky Black,SF,24,CHO,26,284,11.5,3.5,15.9,9.5,11.4,1.4,3.6,10.1,0.3,0.2,0.5,0.084,-2.6,0.3,-2.4,0.0,0,1,0,2024
Buddy Boeheim,SF,24,DET,10,84,9.1,3.9,9.5,6.6,4.8,0.0,1.0,17.0,0.1,0.0,0.1,0.047,-0.7,-2.8,-3.5,0.0,0,0,0,2024
Bogdan Bogdanović,SG,31,ATL,79,2401,14.7,2.3,10.3,6.2,14.9,1.9,1.0,22.3,2.8,1.2,3.9,0.079,0.9,-0.7,0.2,1.4,0,0,0,2024
Bol Bol,PF,24,PHO,43,469,18.7,8.1,24.1,16.5,5.3,1.0,4.7,16.5,1.0,0.7,1.6,0.168,1.4,0.8,2.1,0.5,0,0,0,2024
Devin Booker,PG,27,PHO,68,2447,21.9,2.7,11.1,7.1,31.2,1.2,1.0,29.8,7.2,2.0,9.2,0.181,4.0,-1.0,3.0,3.1,1,0,0,2024
Brandon Boston Jr.,SF,22,LAC,32,345,8.7,6.4,10.4,8.5,5.4,1.6,2.1,25.4,-0.6,0.3,-0.3,-0.04,-6.2,-2.7,-9.0,-0.6,0,0,0,2024
Chris Boucher,PF,31,TOR,50,705,16.0,9.5,23.1,16.1,4.5,1.0,3.0,17.3,1.2,0.6,1.7,0.119,-0.3,-1.4,-1.7,0.1,0,0,0,2024
James Bouknight,SG,23,CHO,14,81,15.9,1.3,11.4,6.2,12.2,0.6,1.2,23.9,0.1,0.0,0.1,0.062,4.4,-2.2,2.2,0.1,0,0,0,2024
Malaki Branham,PG,20,SAS,75,1594,8.7,1.9,8.2,5.0,14.0,0.8,0.4,19.8,-0.9,0.6,-0.3,-0.008,-3.4,-2.2,-5.6,-1.5,0,0,0,2024
Christian Braun,SG,22,DEN,82,1655,12.1,5.4,14.8,10.2,10.2,1.3,1.8,15.7,1.5,2.0,3.4,0.1,-1.7,-0.2,-1.9,0.0,0,0,0,2024
Mikal Bridges,SF,27,BRK,82,2854,14.9,2.5,12.0,7.1,16.3,1.4,0.9,24.3,2.1,2.1,4.2,0.07,0.7,-1.0,-0.4,1.2,0,0,0,2024
Miles Bridges,SF,25,CHO,69,2581,15.4,3.0,19.5,11.0,14.6,1.2,1.2,24.7,0.7,1.4,2.2,0.04,0.2,-1.3,-1.1,0.6,0,0,0,2024
Oshae Brissett,SF,25,BOS,55,630,12.8,10.9,16.3,13.7,8.7,1.5,1.1,14.5,0.8,0.9,1.7,0.131,-2.0,0.2,-1.8,0.0,0,0,0,2024
Izaiah Brockington,PG,24,NOP,1,3,26.6,37.6,36.7,37.1,0.0,0.0,0.0,72.5,0.0,0.0,0.0,-0.177,-9.2,-8.5,-17.8,0.0,0,1,0,2024
Malcolm Brogdon,PG,31,POR,39,1121,17.0,2.6,12.8,7.4,30.9,1.2,0.6,23.0,2.0,0.6,2.6,0.111,2.7,-0.7,2.0,1.1,0,0,0,2024
Armoni Brooks,PG,25,BRK,10,104,8.3,7.2,11.9,9.5,6.9,0.5,0.9,20.8,-0.1,0.1,0.0,-0.018,-2.2,-3.7,-5.8,-0.1,0,0,0,2024
Dillon Brooks,SF,28,HOU,72,2227,9.4,2.5,9.4,5.9,7.5,1.4,0.4,17.6,0.6,2.1,2.7,0.058,-3.3,-0.3,-3.6,-0.9,0,0,0,2024
Charlie Brown Jr.,SG,26,NYK,8,37,-3.2,3.0,3.0,3.0,0.0,0.0,5.1,14.0,-0.1,0.0,-0.1,-0.124,-10.2,-3.4,-13.6,-0.1,0,0,0,2024
Greg Brown III,PF,22,DAL,6,40,10.5,8.2,16.3,12.3,13.0,0.0,8.8,20.3,0.0,0.0,0.0,0.0,-5.0,0.6,-4.4,0.0,0,0,0,2024
Jaylen Brown,SF,27,BOS,70,2343,18.6,4.0,13.4,8.9,16.6,1.8,1.4,28.9,2.7,3.2,5.9,0.121,0.9,-0.1,0.7,1.6,0,0,0,2024
Kendall Brown,SG,20,IND,15,63,7.6,5.4,3.6,4.5,9.3,0.0,0.0,13.7,0.1,0.0,0.1,0.045,-4.2,-2.6,-6.8,-0.1,0,0,0,2024
Kobe Brown,PF,24,LAC,44,394,7.6,5.9,11.6,8.9,8.1,1.5,1.4,11.1,0.1,0.3,0.5,0.055,-4.0,0.2,-3.8,-0.2,0,1,0,2024
Moses Brown,C,24,POR,22,200,14.5,19.6,29.2,24.1,5.4,1.2,3.2,19.1,-0.1,0.2,0.2,0.044,-4.1,-2.4,-6.5,-0.2,0,0,0,2024
Jalen Brunson,PG,27,NYK,77,2726,23.4,1.8,9.7,5.7,33.5,1.3,0.4,32.5,8.8,2.4,11.2,0.198,6.3,-0.4,5.8,5.4,1,0,0,2024
Thomas Bryant,C,26,MIA,38,441,19.0,10.2,26.2,18.1,8.3,1.1,3.5,19.3,0.9,0.8,1.6,0.177,-0.6,0.2,-0.4,0.2,0,0,0,2024
Kobe Bufkin,SG,20,ATL,17,196,9.1,3.2,15.6,9.2,19.3,1.7,2.3,22.4,-0.3,0.1,-0.1,-0.031,-4.3,-0.2,-4.5,-0.1,0,1,0,2024
Reggie Bullock,SF,32,HOU,44,417,7.7,1.5,17.4,9.4,4.6,1.4,1.1,9.4,0.1,0.5,0.6,0.072,-2.9,0.5,-2.4,0.0,0,0,0,2024
Jared Butler,SG,23,WAS,40,566,14.1,1.7,9.5,5.5,30.9,2.4,1.2,19.9,0.3,0.3,0.6,0.054,-1.5,-0.5,-2.1,0.0,0,0,0,2024
Jimmy Butler,PF,34,MIA,60,2042,22.0,5.8,11.9,8.8,23.1,1.9,0.8,24.0,6.4,2.7,9.1,0.214,3.9,0.7,4.6,3.4,0,0,0,2024
Jamal Cain,PF,24,MIA,26,259,11.5,6.5,9.7,8.1,5.6,1.9,1.9,16.7,0.1,0.3,0.5,0.089,-2.5,0.2,-2.3,0.0,0,0,0,2024
Kentavious Caldwell-Pope,SG,30,DEN,76,2402,10.7,1.5,6.8,4.2,9.5,2.0,1.5,12.9,2.2,2.6,4.8,0.096,-2.1,0.7,-1.4,0.4,0,0,0,2024
Toumani Camara,PF,23,POR,70,1739,10.6,8.4,14.0,11.0,7.2,1.9,1.7,13.8,0.6,1.4,2.0,0.055,-3.1,0.0,-3.1,-0.5,0,1,0,2024
Clint Capela,C,29,ATL,73,1883,20.7,18.7,26.5,22.4,6.9,1.1,5.1,17.3,4.4,1.9,6.3,0.161,1.0,-1.0,0.1,1.0,0,0,0,2024
Jevon Carter,PG,28,CHI,72,1004,8.5,1.2,5.6,3.3,12.9,1.8,1.6,17.7,-0.5,0.7,0.2,0.009,-3.3,-0.7,-4.0,-0.5,0,0,0,2024
Wendell Carter Jr.,C,24,ORL,55,1406,15.9,9.3,22.7,15.9,9.9,1.2,1.9,17.2,2.2,2.1,4.4,0.149,0.5,0.4,0.9,1.0,0,0,0,2024
D.J. Carton,SG,23,TOR,4,36,9.6,6.0,6.2,6.1,10.5,1.3,0.0,13.3,0.0,0.0,0.0,0.062,-4.2,-1.1,-5.3,0.0,0,1,0,2024
Alex Caruso,SG,29,CHI,71,2040,14.5,3.3,11.8,7.5,16.4,2.9,3.5,14.7,2.3,2.6,4.9,0.115,0.2,2.3,2.5,2.3,0,0,0,2024
Colin Castleton,C,23,LAL,16,59,13.0,11.9,10.8,11.3,6.8,1.6,0.0,15.8,0.1,0.0,0.2,0.128,-3.9,-1.4,-5.2,0.0,0,1,0,2024
Malcolm Cazalon,SG,22,DET,1,3,0.0,0.0,0.0,0.0,0.0,0.0,0.0,0.0,0.0,0.0,0.0,-0.012,-6.0,-3.2,-9.1,0.0,0,1,0,2024
Julian Champagnie,SF,22,SAS,74,1468,10.6,3.1,12.2,7.6,9.3,1.6,2.4,14.4,0.6,1.3,1.8,0.059,-1.8,-0.1,-1.9,0.0,0,0,0,2024
Justin Champagnie,SF,22,WAS,15,235,13.6,8.5,15.8,12.1,10.7,2.0,3.1,17.0,0.1,0.2,0.3,0.058,-1.1,-0.8,-1.8,0.0,0,0,0,2024
Max Christie,SG,20,LAL,67,944,8.4,1.9,14.2,8.4,8.0,1.0,1.6,13.6,-0.1,0.8,0.7,0.036,-3.2,-0.4,-3.6,-0.4,0,0,0,2024
Sidy Cissoko,SF,19,SAS,12,141,12.0,6.1,10.8,8.4,9.4,2.4,1.8,12.7,0.2,0.1,0.3,0.11,-4.0,1.4,-2.7,0.0,0,1,0,2024
Brandon Clarke,PF,27,MEM,6,134,18.9,10.2,16.2,13.1,12.2,1.8,4.2,20.8,0.1,0.2,0.3,0.108,0.7,0.3,1.0,0.1,0,0,0,2024
Jordan Clarkson,SG,31,UTA,55,1682,12.7,3.2,9.0,6.2,24.6,1.0,0.3,26.1,0.1,0.1,0.2,0.006,-1.3,-3.2,-4.5,-1.1,0,0,0,2024
Nic Claxton,C,24,BRK,71,2116,18.7,9.7,27.3,18.2,10.4,1.1,6.2,15.6,3.5,3.2,6.7,0.152,-0.3,1.5,1.2,1.7,0,0,0,2024
Noah Clowney,PF,19,BRK,23,370,14.2,7.5,16.7,12.0,6.9,1.1,3.9,14.2,0.5,0.4,0.9,0.111,-0.8,0.1,-0.7,0.1,0,1,0,2024
Amir Coffey,SF,26,LAC,70,1460,10.0,2.3,8.9,5.7,6.8,1.4,0.9,12.5,1.6,1.0,2.6,0.084,-1.9,-0.3,-2.2,-0.1,0,0,0,2024
John Collins,PF,26,UTA,68,1901,17.5,9.2,24.0,16.7,6.1,1.0,2.9,20.4,3.1,1.3,4.4,0.11,0.5,-1.4,-0.9,0.5,0,0,0,2024
Zach Collins,C,26,SAS,69,1526,14.3,8.3,18.0,13.1,18.9,1.1,2.8,22.7,0.4,1.5,1.8,0.057,-2.0,-0.1,-2.0,0.0,0,0,0,2024
Mike Conley,PG,36,MIN,76,2193,15.8,2.0,9.0,5.6,28.4,2.0,0.7,16.0,5.0,3.3,8.2,0.18,2.0,1.4,3.4,3.0,0,0,0,2024
Pat Connaughton,SF,31,MIL,76,1676,9.6,3.4,12.0,7.8,12.0,1.1,1.0,10.9,1.6,1.2,2.8,0.08,-1.6,0.0,-1.6,0.2,0,0,0,2024
Bilal Coulibaly,SF,19,WAS,63,1715,8.9,3.4,12.8,8.0,8.2,1.6,2.3,14.2,-0.5,0.9,0.4,0.013,-3.6,-0.5,-4.2,-0.9,0,1,0,2024
Ricky Council IV,SG,22,PHI,32,289,18.6,5.3,12.4,8.8,8.2,1.4,0.3,22.1,0.8,0.3,1.0,0.173,2.1,-0.8,1.3,0.2,0,1,0,2024
Torrey Craig,SF,33,CHI,53,1049,10.8,7.2,16.1,11.6,7.3,1.4,2.1,12.5,1.0,0.9,1.9,0.087,-1.8,-0.2,-2.0,0.0,0,0,0,2024
Jae Crowder,PF,33,MIL,50,1156,8.9,3.0,12.1,7.6,7.2,1.6,0.7,11.5,0.6,1.0,1.6,0.065,-2.6,0.0,-2.6,-0.2,0,0,0,2024
Jalen Crutcher,PG,24,NOP,1,3,-12.6,0.0,0.0,0.0,0.0,0.0,0.0,14.5,0.0,0.0,0.0,-0.334,-18.5,-7.8,-26.2,0.0,0,1,0,2024
Cade Cunningham,PG,22,DET,62,2074,17.1,1.7,12.9,7.2,37.5,1.3,0.9,30.8,0.7,1.0,1.8,0.041,2.0,-1.6,0.3,1.2,0,0,0,2024
Stephen Curry,PG,35,GSW,74,2421,20.6,1.7,12.9,7.4,24.7,1.1,1.0,31.3,5.2,2.0,7.2,0.142,6.3,-1.1,5.2,4.4,1,0,0,2024
Dyson Daniels,PG,20,NOP,61,1358,12.0,5.1,14.1,9.7,15.4,3.1,1.8,12.6,0.7,2.2,2.9,0.103,-1.9,2.5,0.6,0.9,0,0,0,2024
Anthony Davis,C,30,LAL,76,2700,25.8,10.4,28.3,19.8,15.5,1.6,5.7,26.7,7.2,4.7,11.8,0.21,3.5,1.7,5.1,4.9,1,0,0,2024
Johnny Davis,SG,21,WAS,50,613,6.2,3.1,9.6,6.3,6.6,1.4,1.3,12.2,-0.3,0.2,-0.1,-0.009,-5.5,-1.1,-6.6,-0.7,0,0,0,2024
JD Davison,SG,21,BOS,8,39,18.8,5.8,21.2,13.8,32.9,1.3,2.3,17.6,0.1,0.1,0.2,0.228,1.8,1.4,3.3,0.1,0,0,0,2024
Dexter Dennis,SG,24,DAL,4,30,18.3,3.7,29.0,16.4,23.7,0.0,2.9,33.3,0.0,0.0,0.0,0.004,1.7,-0.1,1.7,0.0,0,1,0,2024
DeMar DeRozan,SF,34,CHI,79,2989,19.7,1.6,11.3,6.4,21.8,1.5,1.5,25.8,7.0,2.2,9.2,0.147,2.1,-0.3,1.8,2.8,0,0,0,2024
Moussa Diabaté,C,22,LAC,11,64,24.7,27.4,15.4,21.2,8.6,3.9,1.4,18.6,0.2,0.1,0.3,0.25,4.0,-0.5,3.5,0.1,0,0,0,2024
Hamidou Diallo,SG,25,WAS,2,5,33.2,41.8,0.0,21.4,28.9,18.7,0.0,25.3,0.0,0.0,0.0,0.204,2.7,16.0,18.7,0.0,0,0,0,2024
Gradey Dick,SG,20,TOR,60,1268,8.9,2.3,9.3,5.7,7.4,1.3,0.1,17.4,-0.1,0.4,0.3,0.01,-3.2,-2.2,-5.4,-1.1,0,1,0,2024
Ousmane Dieng,PF,20,OKC,33,365,10.1,3.2,12.0,7.8,12.9,1.1,1.3,16.9,0.0,0.4,0.4,0.055,-2.3,-0.7,-3.0,-0.1,0,0,0,2024
Donte DiVincenzo,SG,27,NYK,81,2360,16.0,3.0,11.2,7.1,13.7,2.3,1.4,21.3,3.6,3.0,6.6,0.135,2.5,0.9,3.4,3.2,0,0,0,2024
Luka Dončić,PG,24,DAL,70,2624,28.1,2.5,24.4,13.5,44.3,1.8,1.3,36.0,8.5,3.5,12.0,0.22,8.3,1.7,9.9,8.0,1,0,0,2024
Luguentz Dort,SF,24,OKC,79,2246,11.1,3.8,10.0,7.0,6.3,1.5,1.9,15.4,2.0,2.5,4.6,0.097,-1.4,-0.2,-1.6,0.2,0,0,0,2024
Ayo Dosunmu,SG,24,CHI,76,2212,13.4,2.7,8.3,5.5,15.6,1.5,1.7,17.2,2.6,1.5,4.1,0.089,-0.6,-0.2,-0.8,0.7,0,0,0,2024
Jeff Dowtin,PG,26,PHI,12,142,18.2,2.3,13.5,7.8,26.4,2.4,0.6,13.0,0.4,0.2,0.6,0.193,2.0,1.3,3.3,0.2,0,0,0,2024
Henri Drell,SF,23,CHI,4,30,10.7,3.7,11.4,7.5,18.3,3.3,3.4,18.8,0.0,0.0,0.0,0.047,-5.1,0.2,-4.9,0.0,0,1,0,2024
Andre Drummond,C,30,CHI,79,1351,23.0,21.5,37.4,29.3,4.1,2.7,3.6,21.3,2.3,2.6,4.9,0.175,0.8,-0.7,0.1,0.7,0,0,0,2024
Chris Duarte,SF,26,SAC,59,719,8.4,4.0,12.7,8.3,7.8,1.9,1.0,14.9,0.0,0.7,0.7,0.047,-3.5,0.1,-3.4,-0.2,0,0,0,2024
David Duke Jr.,SG,24,SAS,4,51,16.2,4.2,17.1,10.6,14.6,1.9,0.0,18.5,0.1,0.0,0.1,0.119,-0.1,1.4,1.4,0.0,0,0,0,2024
Kris Dunn,PG,29,UTA,66,1249,12.8,4.4,12.2,8.3,27.1,2.6,2.0,13.6,1.1,0.9,2.0,0.076,-1.5,1.4,-0.1,0.6,0,0,0,2024
Kevin Durant,PF,35,PHO,75,2791,21.2,1.7,17.5,10.0,22.2,1.2,2.9,29.0,5.1,3.2,8.3,0.142,4.0,0.1,4.0,4.3,1,0,0,2024
Jalen Duren,C,20,DET,61,1777,18.7,11.8,33.0,22.2,12.7,0.9,2.3,18.5,3.0,1.8,4.8,0.13,-0.2,0.1,-0.1,0.9,0,0,0,2024
Tari Eason,PF,22,HOU,22,480,17.1,10.2,24.2,17.1,8.3,3.1,3.6,19.8,0.3,1.0,1.3,0.125,-0.4,2.0,1.6,0.4,0,0,0,2024
Anthony Edwards,SG,22,MIN,79,2770,19.7,2.2,14.8,8.8,24.6,1.8,1.3,32.3,2.9,4.7,7.5,0.13,2.7,0.5,3.3,3.7,1,0,0,2024
Kessler Edwards,SF,23,SAC,54,275,10.3,3.6,13.7,8.5,7.1,1.8,1.3,14.0,0.2,0.3,0.5,0.083,-1.6,0.1,-1.5,0.0,0,0,0,2024
Keon Ellis,SG,24,SAC,57,978,12.0,3.6,10.8,7.1,11.1,2.5,2.7,12.4,1.1,1.2,2.3,0.114,-0.9,2.1,1.2,0.8,0,0,0,2024
Joel Embiid,C,29,PHI,39,1309,34.1,7.9,28.8,18.1,32.4,1.7,4.6,39.6,5.2,2.3,7.5,0.275,8.5,3.1,11.6,4.5,0,0,0,2024
Drew Eubanks,C,26,PHO,75,1169,14.4,10.5,20.1,15.6,7.2,1.1,4.6,13.2,1.6,1.6,3.1,0.129,-2.0,0.8,-1.2,0.2,0,0,0,2024
Dante Exum,PG,28,DAL,55,1088,13.7,2.5,12.4,7.5,19.3,1.0,0.4,15.0,2.1,0.8,2.9,0.127,-0.3,-0.3,-0.6,0.4,0,0,0,2024
Bruno Fernando,C,25,ATL,45,682,15.2,9.1,22.2,15.4,9.3,1.8,3.7,16.7,0.8,0.7,1.5,0.103,-3.1,0.9,-2.3,-0.1,0,0,0,2024
Dorian Finney-Smith,PF,30,BRK,68,1934,10.1,6.0,12.1,9.0,7.6,1.4,1.8,13.2,1.0,1.6,2.6,0.065,-2.0,-0.1,-2.0,0.0,0,0,0,2024
Adam Flagler,SG,24,OKC,2,14,0.6,0.0,0.0,0.0,33.6,0.0,0.0,21.7,0.0,0.0,0.0,-0.159,-6.7,-3.9,-10.6,0.0,0,1,0,2024
Jordan Ford,PG,25,SAC,6,22,16.8,0.0,10.4,5.1,12.8,0.0,0.0,17.3,0.1,0.0,0.1,0.157,3.3,-1.1,2.2,0.0,0,1,0,2024
Trent Forrest,SG,25,ATL,38,414,8.9,2.8,10.9,6.7,27.6,1.3,0.7,11.8,0.1,0.1,0.2,0.027,-3.8,-0.7,-4.4,-0.3,0,0,0,2024
De'Aaron Fox,PG,26,SAC,74,2659,20.1,2.8,11.8,7.2,25.2,2.7,1.1,31.0,3.3,3.2,6.5,0.117,2.6,0.1,2.7,3.2,0,0,0,2024
Javon Freeman-Liberty,PG,24,TOR,22,403,10.7,4.3,15.1,9.6,13.4,1.2,0.9,17.5,0.1,0.2,0.2,0.029,-3.1,-2.0,-5.2,-0.3,0,1,0,2024
Markelle Fultz,PG,25,ORL,43,910,12.6,7.2,10.7,8.9,19.7,2.3,1.5,18.8,0.0,1.3,1.3,0.069,-2.6,1.2,-1.4,0.1,0,0,0,2024
Andrew Funk,SG,24,CHI,5,13,-5.0,0.0,0.0,0.0,0.0,3.8,7.9,13.5,-0.1,0.0,-0.1,-0.252,-12.4,-2.0,-14.4,0.0,0,1,0,2024
Wenyen Gabriel,PF,26,MEM,5,81,2.3,9.1,25.3,16.9,5.3,1.2,2.3,17.0,-0.3,0.1,-0.2,-0.123,-10.6,-1.9,-12.5,-0.2,0,0,0,2024
Darius Garland,PG,24,CLE,57,1901,14.5,1.8,7.1,4.5,29.4,1.9,0.3,25.3,0.7,2.0,2.7,0.067,0.2,-1.2,-1.0,0.5,0,0,0,2024
Usman Garuba,PF,21,GSW,6,18,7.0,18.2,23.7,21.0,6.6,2.7,15.1,20.8,-0.1,0.0,0.0,-0.124,-10.8,-0.1,-10.9,0.0,0,0,0,2024
Luka Garza,C,25,MIN,25,122,21.8,18.6,10.7,14.4,5.9,1.6,0.7,33.3,0.2,0.2,0.4,0.166,0.6,-2.7,-2.1,0.0,0,0,0,2024
Kaiser Gates,SF,27,NOP,1,7,-19.9,0.0,15.7,8.0,0.0,0.0,0.0,24.9,-0.1,0.0,-0.1,-0.558,-18.6,-10.1,-28.8,-0.1,0,1,0,2024
Keyonte George,PG,20,UTA,75,2023,10.4,0.8,10.6,5.7,23.1,0.9,0.3,22.8,-0.4,0.1,-0.3,-0.008,-1.5,-2.9,-4.4,-1.2,0,1,1,2024
Paul George,PF,33,LAC,74,2502,19.3,1.7,15.3,8.8,16.1,2.2,1.3,26.6,4.4,2.8,7.3,0.14,2.9,0.2,3.2,3.3,0,0,0,2024
Josh Giddey,SG,21,OKC,80,2011,16.6,6.4,21.5,14.2,26.6,1.2,2.0,23.1,1.4,2.9,4.3,0.102,1.0,0.4,1.5,1.8,0,0,0,2024
Shai Gilgeous-Alexander,PG,25,OKC,75,2553,29.3,3.0,14.7,9.1,29.8,2.8,2.4,32.8,10.5,4.2,14.6,0.275,6.7,2.3,9.0,7.1,1,0,0,2024
Anthony Gill,PF,31,WAS,50,466,12.1,8.3,13.4,10.8,10.0,1.3,1.9,18.0,0.1,0.2,0.4,0.038,-2.6,-1.5,-4.1,-0.3,0,0,0,2024
Collin Gillespie,PG,24,DEN,24,225,11.0,0.5,9.6,5.2,15.5,2.9,0.0,17.1,0.1,0.3,0.4,0.076,-3.7,0.9,-2.7,0.0,0,1,0,2024
Rudy Gobert,C,31,MIN,76,2593,19.3,13.1,29.2,21.5,5.6,1.0,5.5,15.4,5.8,5.8,11.6,0.216,0.1,1.7,1.8,2.5,0,0,0,2024
Aaron Gordon,PF,28,DEN,73,2297,16.8,8.6,13.9,11.4,15.2,1.2,1.7,17.8,4.5,2.6,7.1,0.148,1.2,0.1,1.3,1.9,0,0,0,2024
Eric Gordon,SG,35,PHO,68,1893,10.8,1.0,6.0,3.6,10.0,1.7,1.4,16.5,1.0,1.5,2.5,0.063,-1.3,-0.5,-1.7,0.1,0,0,0,2024
Devonte' Graham,PG,28,SAS,23,313,9.4,1.7,10.8,6.2,21.0,1.4,0.5,17.8,-0.1,0.2,0.1,0.018,-3.0,-0.9,-3.9,-0.1,0,0,0,2024
Jerami Grant,PF,29,POR,54,1830,15.4,2.1,10.0,5.8,13.8,1.2,1.7,25.7,1.7,1.0,2.7,0.071,1.0,-1.1,-0.1,0.9,0,0,0,2024
RaiQuan Gray,PF,24,SAS,3,39,22.7,5.5,14.0,9.7,25.2,1.2,2.1,19.5,0.1,0.0,0.2,0.187,5.6,1.8,7.4,0.1,0,0,0,2024
A.J. Green,SG,24,MIL,56,614,10.5,1.6,9.6,5.7,6.4,0.7,0.6,15.2,0.7,0.3,1.1,0.084,-0.4,-1.7,-2.1,0.0,0,0,0,2024
Danny Green,SG,36,PHI,2,18,0.7,0.0,12.5,6.1,6.5,2.7,0.0,4.8,0.0,0.0,0.0,-0.035,-7.4,0.8,-6.6,0.0,0,0,0,2024
Draymond Green,PF,33,GSW,55,1490,14.5,5.6,23.0,14.4,28.6,1.8,2.9,15.3,1.4,2.2,3.6,0.116,-0.6,3.0,2.4,1.6,0,0,0,2024
Jalen Green,SG,21,HOU,82,2601,14.7,1.7,15.9,8.7,17.3,1.2,1.0,27.4,0.2,2.9,3.1,0.056,0.4,-0.9,-0.5,1.0,0,0,0,2024
Javonte Green,SF,30,CHI,9,230,20.2,9.5,23.3,16.3,3.3,2.2,3.6,16.7,0.5,0.3,0.9,0.18,1.9,0.1,2.0,0.2,0,0,0,2024
Jeff Green,PF,37,HOU,78,1307,11.3,3.7,10.9,7.3,7.3,0.6,2.2,15.5,1.4,1.2,2.6,0.095,-1.6,-0.4,-2.1,0.0,0,0,0,2024
Josh Green,SG,23,DAL,57,1505,9.9,2.9,10.4,6.7,11.1,1.5,0.5,13.1,1.0,1.2,2.2,0.071,-2.4,-0.3,-2.7,-0.3,0,0,0,2024
AJ Griffin,SF,20,ATL,20,171,1.2,1.2,10.6,5.7,3.7,0.3,1.1,17.3,-0.4,0.0,-0.4,-0.12,-6.0,-3.5,-9.6,-0.3,0,0,0,2024
Mouhamadou Gueye,PF,25,TOR,11,120,4.6,10.8,10.3,10.5,5.3,1.2,13.2,19.2,-0.5,0.2,-0.4,-0.147,-11.0,-0.9,-11.9,-0.3,0,1,0,2024
Mouhamed Gueye,PF,21,ATL,6,73,15.0,14.4,18.6,16.4,7.0,3.3,4.9,15.2,0.1,0.1,0.2,0.127,-2.1,0.6,-1.5,0.0,0,1,0,2024
Rui Hachimura,PF,25,LAL,68,1826,15.0,3.7,13.7,8.9,6.3,1.1,1.2,18.5,2.7,1.5,4.1,0.108,0.0,-0.9,-0.9,0.5,0,0,0,2024
Ashton Hagans,PG,24,POR,19,316,8.5,4.7,11.7,8.0,23.7,1.7,2.6,14.6,-0.2,0.3,0.0,0.006,-4.4,0.9,-3.5,-0.1,0,0,0,2024
Tyrese Haliburton,PG,23,IND,69,2224,23.3,1.8,12.0,6.9,44.9,1.8,1.7,24.6,7.6,1.5,9.0,0.195,7.3,-0.4,6.9,5.0,1,0,0,2024
R.J. Hampton,PG,22,MIA,8,76,0.9,3.0,6.0,4.5,13.6,0.0,0.0,10.5,-0.1,0.0,-0.1,-0.038,-8.1,-1.4,-9.5,-0.1,0,0,0,2024
Tim Hardaway Jr.,SF,31,DAL,79,2120,12.1,1.1,11.9,6.5,9.2,1.0,0.2,22.6,0.8,1.4,2.2,0.05,-0.8,-2.1,-2.9,-0.5,0,0,0,2024
James Harden,PG,34,LAC,72,2470,18.6,1.6,14.8,8.4,33.6,1.5,2.1,20.6,5.9,2.5,8.4,0.163,3.8,0.3,4.1,3.8,0,0,0,2024
Jaden Hardy,SG,21,DAL,73,989,11.2,2.2,12.2,7.2,15.7,1.1,0.4,24.9,-0.4,0.7,0.3,0.014,-2.0,-2.1,-4.1,-0.5,0,0,0,2024
Ron Harper Jr.,PF,23,TOR,1,4,0.0,0.0,0.0,0.0,28.6,0.0,0.0,0.0,0.0,0.0,0.0,0.087,-11.7,2.8,-8.8,0.0,0,0,0,2024
Gary Harris,SG,29,ORL,54,1297,9.4,2.2,6.1,4.1,9.1,1.9,1.0,11.7,1.1,1.5,2.7,0.099,-2.3,1.1,-1.2,0.3,0,0,0,2024
Joe Harris,SG,32,DET,16,170,4.6,1.9,6.7,4.3,7.7,0.8,1.0,11.0,0.0,0.0,0.0,0.001,-4.7,-1.1,-5.9,-0.2,0,0,0,2024
Kevon Harris,SG,26,ORL,2,6,11.1,0.0,39.5,19.6,33.0,0.0,0.0,29.1,0.0,0.0,0.0,0.038,-15.5,-0.3,-15.8,0.0,0,0,0,2024
Tobias Harris,PF,31,PHI,70,2368,16.5,3.7,17.7,10.6,13.8,1.5,1.8,20.7,3.2,2.7,5.9,0.121,1.0,-0.1,0.9,1.7,0,0,0,2024
Shaquille Harrison,SG,30,MEM,3,6,15.9,0.0,38.0,18.2,0.0,0.0,15.6,14.3,0.0,0.0,0.0,0.09,-0.7,5.2,4.6,0.0,0,0,0,2024
Josh Hart,SF,28,NYK,81,2707,11.8,5.3,22.8,14.0,16.3,1.4,0.8,13.5,2.0,3.6,5.7,0.1,-1.3,1.4,0.0,1.4,0,0,0,2024
Isaiah Hartenstein,C,25,NYK,75,1896,18.9,14.4,22.7,18.5,13.5,2.3,4.2,12.0,4.6,3.5,8.1,0.204,0.7,2.8,3.5,2.6,0,0,0,2024
Sam Hauser,SF,26,BOS,79,1741,13.0,2.9,13.7,8.6,6.2,1.1,1.3,15.0,2.7,2.1,4.9,0.134,1.2,0.0,1.2,1.4,0,0,0,2024
Jordan Hawkins,SG,21,NOP,67,1160,10.2,2.8,11.3,7.1,8.2,0.8,0.6,19.9,0.3,1.0,1.3,0.053,-1.3,-1.7,-3.1,-0.3,0,1,0,2024
Jaxson Hayes,C,23,LAL,70,877,14.0,9.2,17.1,13.4,5.0,1.8,2.9,12.5,1.4,1.1,2.5,0.135,-2.8,0.9,-1.9,0.0,0,0,0,2024
Killian Hayes,PG,22,DET,42,1008,10.5,1.2,12.2,6.6,27.8,1.7,1.7,15.1,0.0,0.7,0.7,0.032,-2.9,0.2,-2.7,-0.2,0,0,0,2024
Scoot Henderson,PG,19,POR,62,1765,9.5,3.2,9.5,6.2,29.9,1.3,0.7,26.5,-2.5,0.9,-1.7,-0.045,-3.5,-2.3,-5.8,-1.7,0,1,0,2024
Taylor Hendricks,PF,20,UTA,40,856,11.8,6.0,17.7,11.9,5.0,1.6,3.1,13.7,0.7,0.6,1.2,0.07,-1.3,-0.4,-1.6,0.1,0,1,0,2024
Tyler Herro,SG,24,MIA,42,1407,15.7,1.5,16.5,8.9,22.4,1.1,0.2,27.8,0.4,1.6,2.0,0.068,1.5,-0.7,0.8,1.0,0,0,0,2024
Haywood Highsmith,PF,27,MIA,66,1366,11.1,5.3,12.1,8.7,7.2,1.9,2.1,12.4,1.1,1.9,3.1,0.108,-1.8,1.1,-0.7,0.5,0,0,0,2024
Nate Hinton,SG,24,HOU,15,75,17.6,9.9,21.7,15.7,18.6,1.9,2.5,17.7,0.2,0.1,0.3,0.187,1.9,1.7,3.6,0.1,0,0,0,2024
D'Moi Hodge,SG,25,LAL,7,41,6.1,0.0,0.0,0.0,15.6,1.2,2.1,17.8,0.0,0.0,0.0,-0.019,-3.7,-2.6,-6.3,0.0,0,1,0,2024
Aaron Holiday,PG,27,HOU,78,1269,11.5,1.9,8.5,5.2,15.4,1.6,0.4,16.7,1.3,1.2,2.5,0.094,-1.8,0.3,-1.5,0.2,0,0,0,2024
Jrue Holiday,PG,33,BOS,69,2263,14.4,4.2,13.2,8.9,19.3,1.3,2.1,16.3,3.3,3.0,6.3,0.133,1.0,1.1,2.1,2.4,0,0,0,2024
Justin Holiday,SG,34,DEN,58,862,9.7,1.2,7.8,4.6,9.5,2.1,0.9,10.6,0.9,0.9,1.8,0.101,-2.5,0.9,-1.6,0.1,0,0,0,2024
Chet Holmgren,C,21,OKC,82,2413,20.4,6.2,23.1,15.0,11.6,1.1,7.3,21.6,4.6,4.4,8.9,0.178,1.8,1.5,3.4,3.3,0,1,1,2024
Jalen Hood-Schifino,SG,20,LAL,21,109,-1.5,2.1,10.7,6.6,9.1,1.3,1.6,24.9,-0.6,0.1,-0.5,-0.222,-12.4,-3.7,-16.1,-0.4,0,1,0,2024
Al Horford,C,37,BOS,65,1740,15.0,5.3,19.7,12.8,12.3,1.1,3.1,12.0,3.5,2.7,6.2,0.172,1.7,2.0,3.6,2.5,0,0,0,2024
Talen Horton-Tucker,PG,23,UTA,51,1009,13.4,2.3,10.8,6.6,25.5,2.2,1.7,24.0,0.3,0.5,0.8,0.039,-0.9,-0.4,-1.2,0.2,0,0,0,2024
Danuel House Jr.,SF,30,PHI,34,509,8.5,3.4,9.3,6.3,7.2,1.5,0.9,12.2,0.3,0.4,0.7,0.066,-3.4,-0.5,-4.0,-0.3,0,0,0,2024
Caleb Houstan,SF,21,ORL,59,815,8.3,4.0,8.1,6.1,4.8,0.9,0.5,12.5,0.7,0.8,1.5,0.089,-1.4,-0.5,-1.9,0.0,0,0,0,2024
Jett Howard,SF,20,ORL,18,67,8.6,1.7,10.6,6.1,13.0,1.5,2.8,22.7,-0.1,0.1,0.0,0.005,-1.4,-0.3,-1.8,0.0,0,1,0,2024
Kevin Huerter,SG,25,SAC,64,1562,12.4,2.7,13.6,8.0,14.4,1.4,1.3,17.3,1.5,1.4,2.9,0.089,-0.5,-0.4,-0.8,0.5,0,0,0,2024
Jay Huff,C,25,DEN,20,49,18.5,4.7,19.8,12.4,5.6,2.0,5.2,15.0,0.1,0.1,0.2,0.212,-0.3,1.6,1.3,0.0,0,0,0,2024
De'Andre Hunter,SF,26,ATL,57,1681,12.7,1.9,12.9,7.2,7.3,1.1,0.9,20.6,1.6,0.6,2.2,0.062,-0.9,-1.5,-2.4,-0.2,0,0,0,2024
Matthew Hurt,PF,23,MEM,8,113,8.4,8.4,7.1,7.7,5.1,1.3,2.5,14.2,0.0,0.1,0.1,0.031,-3.0,-0.7,-3.7,-0.1,0,1,0,2024
Bones Hyland,PG,23,LAC,37,540,10.8,1.1,10.1,5.7,24.5,2.4,0.7,24.8,-0.5,0.5,0.0,0.003,-2.8,-0.8,-3.6,-0.2,0,0,0,2024
Joe Ingles,SF,36,ORL,68,1169,10.6,1.8,12.6,7.1,23.0,1.8,0.4,11.6,1.1,1.5,2.6,0.108,-1.7,1.2,-0.5,0.5,0,0,0,2024
Brandon Ingram,SF,26,NOP,64,2103,18.2,2.3,14.7,8.6,26.7,1.2,1.9,27.2,2.7,2.4,5.1,0.117,1.4,-0.3,1.2,1.7,0,0,0,2024
Kyrie Irving,SG,31,DAL,58,2030,21.9,2.4,13.2,7.8,23.8,1.7,1.2,28.1,4.9,2.0,6.9,0.163,4.8,0.1,4.9,3.6,0,0,0,2024
Jonathan Isaac,PF,26,ORL,58,914,19.2,9.3,24.2,16.7,4.8,2.3,7.1,16.7,1.5,2.1,3.6,0.188,1.4,2.4,3.8,1.4,0,0,0,2024
Jaden Ivey,SG,21,DET,77,2217,12.4,4.3,9.1,6.6,20.2,1.2,1.6,24.9,-0.5,1.0,0.5,0.01,-1.4,-1.7,-3.1,-0.6,0,0,0,2024
Andre Jackson Jr.,SG,22,MIL,57,572,8.5,8.4,13.1,10.8,10.8,1.3,0.9,10.0,0.5,0.5,1.0,0.081,-3.6,0.0,-3.6,-0.2,0,1,0,2024
GG Jackson II,PF,19,MEM,48,1233,13.7,4.5,13.2,8.7,8.0,1.1,1.8,24.2,0.2,1.1,1.2,0.048,-0.2,-1.8,-2.0,0.0,0,1,1,2024
Isaiah Jackson,C,22,IND,59,771,21.5,13.8,21.2,17.5,8.3,2.1,6.3,17.2,2.2,1.1,3.3,0.204,0.3,1.4,1.7,0.7,0,0,0,2024
Jaren Jackson Jr.,C,24,MEM,66,2124,17.4,4.2,15.0,9.4,13.1,1.8,4.7,30.4,0.2,2.8,3.0,0.067,0.0,0.4,0.4,1.3,0,0,0,2024
Justin Jackson,SF,28,MIN,2,1,0.0,0.0,0.0,0.0,0.0,0.0,0.0,0.0,0.0,0.0,0.0,0.031,-6.3,-1.2,-7.5,0.0,0,0,0,2024
Quenton Jackson,PG,25,IND,3,11,16.1,0.0,41.2,20.6,18.6,4.3,0.0,7.2,0.0,0.0,0.0,0.203,-3.5,6.8,3.3,0.0,0,0,0,2024
Reggie Jackson,PG,33,DEN,82,1817,11.7,2.1,7.2,4.7,23.0,1.2,0.6,21.7,0.6,1.5,2.1,0.056,-1.8,-1.5,-3.2,-0.6,0,0,0,2024
Trayce Jackson-Davis,PF,23,GSW,68,1130,21.6,13.1,19.4,16.3,10.4,1.2,6.1,16.4,3.2,1.6,4.8,0.205,1.5,1.2,2.8,1.4,0,1,0,2024
LeBron James,PF,39,LAL,71,2504,23.7,2.8,19.3,11.5,37.5,1.7,1.3,29.2,5.7,2.8,8.5,0.164,5.5,0.9,6.5,5.4,1,0,0,2024
Jaime Jaquez Jr.,SF,22,MIA,75,2113,12.9,4.4,11.0,7.6,13.9,1.8,0.9,18.7,1.4,2.7,4.0,0.092,-2.2,0.3,-1.9,0.1,0,1,1,2024
DeJon Jarreau,SG,26,MEM,9,150,9.6,5.6,27.3,16.0,25.4,2.0,1.2,18.3,-0.2,0.2,0.0,0.002,-4.6,0.7,-4.0,-0.1,0,0,0,2024
DaQuan Jeffries,SG,26,NYK,17,46,3.1,0.0,12.2,6.1,14.9,0.0,2.0,19.6,-0.1,0.0,-0.1,-0.087,-5.6,-2.5,-8.1,-0.1,0,0,0,2024
Ty Jerome,SG,26,CLE,2,15,7.6,7.6,0.0,3.7,27.3,0.0,0.0,14.7,0.0,0.0,0.0,0.04,-4.1,-0.8,-4.9,0.0,0,0,0,2024
Isaiah Joe,SG,24,OKC,78,1445,13.4,2.6,11.0,6.9,8.9,1.5,1.4,16.6,1.9,1.6,3.5,0.116,1.1,-0.3,0.9,1.0,0,0,0,2024
Cameron Johnson,PF,27,BRK,58,1599,14.5,3.7,13.8,8.6,12.9,1.5,0.8,19.6,2.0,1.3,3.3,0.1,0.9,-0.5,0.4,1.0,0,0,0,2024
Jalen Johnson,SF,22,ATL,56,1889,16.3,4.1,24.8,14.1,15.4,1.7,2.2,19.1,2.1,1.7,3.8,0.098,0.4,0.8,1.2,1.5,0,0,0,2024
James Johnson,PF,36,IND,9,47,5.0,2.4,7.2,4.8,18.6,5.0,1.7,14.2,-0.1,0.1,0.0,-0.05,-8.0,2.2,-5.8,0.0,0,0,0,2024
Keldon Johnson,SF,24,SAS,69,2038,14.2,5.0,15.1,10.0,14.2,1.2,0.8,21.9,1.5,1.5,3.0,0.071,-0.3,-1.4,-1.7,0.2,0,0,0,2024
Keon Johnson,SG,21,BRK,5,61,13.1,5.2,7.4,6.3,6.9,2.4,1.5,22.2,0.0,0.1,0.1,0.068,-1.6,-1.1,-2.7,0.0,0,0,0,2024
Keyontae Johnson,SF,23,OKC,9,66,1.6,7.0,9.8,8.4,7.2,0.7,0.0,13.1,-0.1,0.1,-0.1,-0.068,-7.5,-2.2,-9.8,-0.1,0,1,0,2024
Nikola Jokić,C,28,DEN,79,2737,31.0,9.3,29.6,19.8,42.0,2.0,2.1,29.3,12.0,5.1,17.0,0.299,9.0,4.2,13.2,10.6,1,0,0,2024
Colby Jones,SG,21,SAC,30,192,8.9,9.7,13.7,11.7,13.9,1.8,2.4,19.1,-0.2,0.2,0.0,0.007,-5.4,0.4,-5.0,-0.1,0,1,0,2024
Damian Jones,C,28,CLE,39,270,15.8,8.4,17.3,12.9,7.9,1.3,4.3,15.4,0.4,0.4,0.8,0.15,-1.7,1.2,-0.5,0.1,0,0,0,2024
Derrick Jones Jr.,SF,26,DAL,76,1783,11.7,5.0,10.3,7.7,5.5,1.4,2.5,14.9,1.5,1.6,3.1,0.083,-1.3,-0.3,-1.5,0.2,0,0,0,2024
Herbert Jones,SF,25,NOP,76,2321,13.2,3.6,9.4,6.5,11.3,2.2,2.6,14.1,3.3,3.0,6.3,0.131,-0.9,1.5,0.6,1.6,0,0,0,2024
Mason Jones,SG,25,SAC,5,28,5.8,3.9,16.4,10.0,21.7,1.7,0.0,16.6,0.0,0.0,0.0,-0.018,-5.4,0.0,-5.5,0.0,0,0,0,2024
Tre Jones,PG,24,SAS,77,2138,14.7,2.9,11.8,7.3,30.8,1.7,0.3,15.2,3.4,1.6,4.9,0.111,-0.4,0.1,-0.4,0.9,0,0,0,2024
Tyus Jones,PG,27,WAS,66,1933,16.5,1.1,9.0,5.0,34.6,1.7,0.8,16.3,3.9,0.7,4.5,0.113,1.5,-0.9,0.7,1.3,0,0,0,2024
DeAndre Jordan,C,35,DEN,36,396,16.0,15.6,28.0,22.0,8.5,0.8,3.4,15.4,0.6,0.6,1.2,0.147,-1.7,-0.1,-1.7,0.0,0,0,0,2024
Cory Joseph,PG,32,GSW,26,296,6.2,2.2,8.6,5.5,17.2,0.7,0.9,11.3,0.0,0.2,0.2,0.034,-4.0,-0.7,-4.7,-0.2,0,0,0,2024
Nikola Jović,PF,20,MIA,46,896,12.8,3.1,21.3,12.1,14.7,1.4,1.5,17.1,0.6,1.3,1.9,0.103,-0.9,1.3,0.3,0.5,0,0,0,2024
Johnny Juzang,SG,22,UTA,20,372,9.6,2.1,8.5,5.3,8.4,0.5,0.5,14.5,0.4,0.0,0.4,0.047,-1.5,-2.2,-3.7,-0.2,0,0,0,2024
Luke Kennard,SG,27,MEM,39,999,13.1,1.2,11.6,6.2,20.8,1.0,0.2,16.7,1.4,0.7,2.1,0.099,0.6,-0.9,-0.3,0.4,0,0,0,2024
Walker Kessler,C,22,UTA,64,1493,18.0,12.3,23.1,17.7,5.6,1.0,9.2,12.8,2.4,1.7,4.1,0.131,-0.4,1.3,0.9,1.1,0,0,0,2024
Braxton Key,SF,26,DEN,20,60,16.5,5.7,26.9,16.6,18.8,1.7,1.4,15.7,0.1,0.1,0.2,0.18,0.5,1.6,2.1,0.1,0,0,0,2024
Corey Kispert,SF,24,WAS,80,2067,12.8,1.5,10.3,5.8,10.7,0.9,0.6,19.6,1.7,0.4,2.1,0.048,-0.2,-2.0,-2.1,-0.1,0,0,0,2024
Maxi Kleber,C,32,DAL,43,871,8.8,3.8,14.1,9.0,9.5,0.9,3.0,9.6,0.6,0.8,1.4,0.08,-2.3,1.0,-1.3,0.2,0,0,0,2024
Kevin Knox,SF,24,DET,31,560,9.9,3.5,11.5,7.5,5.9,1.1,1.1,16.6,0.1,0.2,0.4,0.033,-2.8,-1.8,-4.6,-0.4,0,0,0,2024
John Konchar,SF,27,MEM,55,1173,11.4,6.5,18.0,12.0,13.0,2.1,4.1,9.7,0.5,1.7,2.2,0.091,-2.6,2.2,-0.4,0.5,0,0,0,2024
Furkan Korkmaz,SG,26,PHI,35,300,9.2,1.4,9.7,5.5,11.0,2.3,0.9,13.6,0.0,0.3,0.4,0.057,-3.2,0.4,-2.7,-0.1,0,0,0,2024
Luke Kornet,C,28,BOS,63,983,19.8,13.5,15.1,14.3,8.9,1.2,5.5,11.0,3.5,1.6,5.1,0.248,1.6,1.8,3.4,1.3,0,0,0,2024
Vit Krejci,PG,23,ATL,22,541,8.4,2.1,8.6,5.2,11.6,1.2,1.0,9.8,0.5,0.1,0.6,0.056,-3.3,-0.4,-3.7,-0.2,0,0,0,2024
Jonathan Kuminga,PF,21,GSW,74,1949,17.0,5.2,14.4,9.8,12.5,1.4,1.7,24.1,2.7,1.9,4.6,0.113,0.0,-0.4,-0.4,0.8,0,0,0,2024
Kyle Kuzma,PF,28,WAS,70,2281,15.7,2.8,19.3,10.9,20.7,0.8,1.8,29.7,-1.0,1.1,0.2,0.004,0.5,-1.6,-1.1,0.5,0,0,0,2024
Jock Landale,C,28,HOU,56,763,15.6,12.2,11.9,12.1,11.8,1.3,4.0,14.8,1.4,0.9,2.3,0.146,-0.5,0.4,-0.1,0.4,0,0,0,2024
Jake LaRavia,PF,22,MEM,35,806,12.6,6.7,10.9,8.7,11.1,1.8,1.4,21.1,0.3,0.8,1.0,0.062,-1.4,-1.0,-2.5,-0.1,0,0,0,2024
Zach LaVine,SG,28,CHI,25,872,15.1,1.0,15.8,8.3,16.8,1.2,0.9,23.8,0.8,0.6,1.5,0.08,0.8,-0.7,0.1,0.5,0,0,0,2024
A.J. Lawson,SG,23,DAL,42,311,11.2,4.9,12.6,8.8,8.9,1.5,0.8,20.0,0.0,0.3,0.2,0.036,-3.1,-1.5,-4.6,-0.2,0,0,0,2024
Saben Lee,PG,24,PHO,24,185,13.5,5.8,12.8,9.5,21.0,1.8,1.4,18.8,0.2,0.2,0.4,0.099,-2.0,0.6,-1.4,0.0,0,0,0,2024
Alex Len,C,30,SAC,48,444,14.7,11.3,21.2,16.1,14.4,1.2,6.8,11.8,0.6,0.7,1.3,0.138,-2.7,2.9,0.2,0.2,0,0,0,2024
Kawhi Leonard,SF,32,LAC,68,2330,23.2,4.2,15.6,10.1,16.9,2.4,2.3,26.5,6.0,2.9,8.9,0.184,4.8,0.6,5.5,4.4,1,0,0,2024
Caris LeVert,SG,29,CLE,68,1958,14.6,2.3,13.7,8.0,25.7,1.9,1.6,23.1,1.0,2.6,3.6,0.088,-0.6,0.8,0.2,1.1,0,0,0,2024
Maxwell Lewis,SF,21,LAL,34,103,-3.9,2.3,2.1,2.2,6.8,0.9,0.8,13.6,-0.5,0.0,-0.4,-0.195,-10.3,-3.2,-13.5,-0.3,0,1,0,2024
E.J. Liddell,PF,23,NOP,8,23,4.3,0.0,23.9,12.1,5.2,4.3,8.6,16.8,-0.1,0.1,0.0,-0.091,-8.7,4.0,-4.7,0.0,0,1,0,2024
Damian Lillard,PG,33,MIL,73,2579,19.6,1.6,11.8,6.8,28.8,1.3,0.6,28.4,5.8,1.9,7.7,0.143,3.4,-1.3,2.1,2.7,0,0,0,2024
Nassir Little,SF,23,PHO,45,458,9.9,3.6,14.3,9.3,6.1,1.1,1.9,13.9,0.3,0.4,0.7,0.074,-2.4,-0.6,-3.0,-0.1,0,0,0,2024
Dereck Lively II,C,19,DAL,55,1294,18.1,11.4,20.4,16.0,6.4,1.3,5.2,12.6,3.1,1.8,4.9,0.183,-0.3,0.8,0.5,0.8,0,1,1,2024
Isaiah Livers,PF,25,DET,23,469,5.1,3.5,8.0,5.7,7.0,1.3,0.9,12.7,-0.3,0.2,-0.1,-0.015,-5.0,-1.5,-6.5,-0.5,0,0,0,2024
Chris Livingston,SF,20,MIL,21,90,6.9,3.7,21.5,12.8,7.2,1.1,0.0,13.8,0.0,0.1,0.1,0.027,-7.0,-1.0,-8.0,-0.1,0,1,0,2024
Kevon Looney,C,27,GSW,74,1195,15.1,13.1,24.6,18.9,14.1,1.1,2.2,11.3,2.5,1.6,4.0,0.162,-0.8,1.4,0.6,0.8,0,0,0,2024
Brook Lopez,C,35,MIL,79,2411,14.8,5.4,13.0,9.3,7.1,0.9,6.7,16.0,3.1,2.8,5.9,0.117,0.2,0.8,1.0,1.8,0,0,0,2024
Robin Lopez,C,35,MIL,16,65,6.6,5.2,3.3,4.2,7.8,0.7,3.9,14.5,0.0,0.0,0.0,0.007,-4.7,-1.4,-6.1,-0.1,0,0,0,2024
Kevin Love,PF,35,MIA,55,924,18.5,7.2,34.5,20.7,19.0,1.0,1.1,21.9,1.7,1.6,3.3,0.17,2.7,1.0,3.6,1.3,0,0,0,2024
Seth Lundy,SF,23,ATL,9,52,0.0,2.0,13.1,7.3,0.0,0.0,0.0,15.8,-0.1,0.0,-0.1,-0.092,-7.7,-5.0,-12.7,-0.1,0,1,0,2024
Trey Lyles,PF,28,SAC,58,1158,11.9,5.8,19.4,12.4,8.1,0.7,1.5,14.4,1.3,1.0,2.4,0.098,-0.4,-0.7,-1.1,0.3,0,0,0,2024
Sandro Mamukelashvili,C,24,SAS,46,451,15.8,10.7,24.7,17.6,15.4,0.7,2.2,17.7,0.6,0.4,1.0,0.11,-0.1,-0.4,-0.5,0.2,0,0,0,2024
Terance Mann,SG,27,LAC,75,1873,12.0,5.4,9.7,7.7,8.5,1.1,0.7,13.6,3.0,1.2,4.2,0.106,-0.8,-0.7,-1.5,0.2,0,0,0,2024
Boban Marjanović,C,35,HOU,14,71,21.1,10.5,38.2,24.2,13.9,0.7,2.6,27.0,0.1,0.1,0.2,0.128,0.2,-0.5,-0.3,0.0,0,0,0,2024
Lauri Markkanen,PF,26,UTA,55,1820,21.5,7.4,19.6,13.6,9.5,1.3,1.3,25.0,5.2,0.9,6.2,0.163,5.1,-1.5,3.6,2.6,0,0,0,2024
Naji Marshall,SF,26,NOP,66,1257,12.7,4.8,16.4,10.6,13.6,1.9,0.9,16.3,1.0,1.6,2.6,0.1,-1.3,0.5,-0.7,0.4,0,0,0,2024
Caleb Martin,SF,28,MIA,64,1756,10.8,4.7,13.5,9.1,11.8,1.3,1.6,17.3,0.2,2.2,2.4,0.066,-2.2,0.2,-2.0,0.0,0,0,0,2024
Cody Martin,SF,28,CHO,28,753,9.2,2.8,13.9,8.1,19.1,2.1,2.2,16.1,-0.7,0.5,-0.2,-0.012,-4.1,0.6,-3.5,-0.3,0,0,0,2024
Garrison Mathews,SG,27,ATL,66,992,8.9,1.8,8.6,5.1,4.8,1.0,0.7,11.1,1.4,0.2,1.6,0.077,-2.1,-0.9,-3.0,-0.2,0,0,0,2024
Bennedict Mathurin,SF,21,IND,59,1538,13.0,4.4,12.8,8.6,9.8,1.1,0.7,23.4,0.8,0.7,1.4,0.045,-1.2,-2.3,-3.4,-0.6,0,0,0,2024
Wesley Matthews,SG,37,ATL,36,413,8.2,2.3,12.1,7.0,6.9,1.9,2.4,11.7,0.2,0.3,0.4,0.049,-3.1,0.3,-2.8,-0.1,0,0,0,2024
Tyrese Maxey,PG,23,PHI,70,2626,19.8,1.5,9.5,5.4,26.7,1.3,1.1,28.0,5.9,2.1,8.1,0.147,4.1,-1.0,3.1,3.4,0,0,0,2024
Miles McBride,PG,23,NYK,68,1328,13.1,2.6,5.9,4.2,12.2,1.9,0.5,16.4,2.4,1.3,3.6,0.131,-0.4,0.4,-0.1,0.6,0,0,0,2024
CJ McCollum,PG,32,NOP,66,2159,17.9,2.0,12.6,7.4,21.4,1.4,1.9,24.7,3.5,2.4,5.9,0.132,3.3,-0.3,3.1,2.8,0,0,0,2024
T.J. McConnell,PG,31,IND,71,1291,20.9,3.2,13.6,8.4,41.8,2.6,0.5,23.7,2.8,1.1,3.9,0.143,2.9,0.1,3.0,1.6,0,0,0,2024
Jaden McDaniels,SF,23,MIN,72,2105,9.4,3.2,8.7,6.0,6.8,1.5,1.8,15.7,0.3,3.1,3.4,0.077,-3.3,0.7,-2.6,-0.3,0,0,0,2024
Jalen McDaniels,SF,26,TOR,50,538,5.0,3.6,12.7,8.1,9.1,1.7,1.0,18.7,-1.1,0.3,-0.8,-0.074,-7.2,-1.8,-9.0,-1.0,0,0,0,2024
JaVale McGee,C,36,SAC,46,339,19.0,13.6,28.4,20.8,7.6,2.0,5.4,23.4,0.1,0.6,0.7,0.101,-1.9,0.6,-1.3,0.1,0,0,0,2024
Bryce McGowens,SG,21,CHO,59,882,9.3,2.1,11.2,6.5,8.1,1.2,1.1,14.9,0.4,0.3,0.6,0.034,-3.7,-1.1,-4.9,-0.6,0,0,0,2024
Jordan McLaughlin,PG,27,MIN,56,626,15.5,3.4,9.4,6.5,23.7,2.8,1.0,12.1,1.4,1.1,2.5,0.193,1.4,2.9,4.2,1.0,0,0,0,2024
De'Anthony Melton,SG,25,PHI,38,1023,13.4,3.0,12.4,7.6,15.4,2.9,1.4,18.3,0.8,1.4,2.1,0.099,-0.7,1.2,0.5,0.7,0,0,0,2024
Nathan Mensah,C,25,CHO,25,307,5.0,10.3,13.6,11.9,3.7,1.0,4.3,6.8,0.0,0.2,0.1,0.023,-8.7,-0.1,-8.8,-0.5,0,1,0,2024
Sam Merrill,SG,27,CLE,61,1069,13.1,2.3,10.2,6.3,14.1,0.9,0.3,17.5,1.9,0.9,2.8,0.125,1.3,-0.8,0.5,0.7,0,0,0,2024
Khris Middleton,SF,32,MIL,55,1487,17.0,3.0,15.7,9.5,28.9,1.6,0.9,23.9,1.9,1.4,3.4,0.109,1.1,0.0,1.1,1.2,0,0,0,2024
Brandon Miller,SF,21,CHO,74,2383,13.0,2.7,12.4,7.4,11.6,1.4,1.6,23.9,-0.3,1.0,0.8,0.015,-0.9,-1.6,-2.6,-0.3,0,1,1,2024
Jordan Miller,SF,24,LAC,8,28,14.1,12.5,7.8,10.1,0.0,0.0,0.0,17.0,0.1,0.0,0.1,0.116,0.4,-4.2,-3.8,0.0,0,1,0,2024
Leonard Miller,SF,20,MIN,17,52,27.0,11.5,31.3,21.8,25.5,1.9,1.7,18.6,0.2,0.1,0.3,0.323,5.9,3.7,9.6,0.2,0,1,0,2024
Dariq Whitehead,SF,19,BRK,2,24,4.9,0.0,18.8,9.1,15.6,0.0,3.8,10.6,0.0,0.0,0.0,-0.03,-5.5,-2.4,-7.9,0.0,0,1,0,2024
Justin Minaya,SF,24,POR,34,381,5.8,8.3,8.1,8.2,7.3,1.2,2.4,9.7,-0.1,0.2,0.1,0.009,-5.1,-0.5,-5.6,-0.3,0,0,0,2024
Josh Minott,SF,21,MIN,32,91,20.4,5.2,15.5,10.6,13.2,2.7,4.9,21.4,0.2,0.2,0.4,0.222,1.8,3.3,5.1,0.2,0,0,0,2024
Davion Mitchell,PG,25,SAC,72,1101,9.3,1.9,7.9,4.8,16.0,0.7,0.2,14.9,0.8,0.6,1.3,0.059,-2.4,-1.0,-3.4,-0.4,0,0,0,2024
Donovan Mitchell,SG,27,CLE,55,1942,22.1,2.7,13.4,8.1,28.3,2.6,1.4,31.4,3.6,2.9,6.4,0.159,4.6,1.2,5.8,3.9,0,0,0,2024
Evan Mobley,PF,22,CLE,50,1532,20.1,8.2,25.9,17.2,15.9,1.5,4.2,20.6,2.8,2.7,5.5,0.174,0.9,2.0,2.9,1.9,0,0,0,2024
Isaiah Mobley,PF,24,CLE,10,72,8.1,4.7,10.8,7.8,11.5,1.4,0.0,16.2,0.0,0.1,0.0,0.032,-4.5,-2.1,-6.6,-0.1,0,0,0,2024
Malik Monk,SG,25,SAC,72,1872,16.0,1.6,11.3,6.3,28.9,1.2,1.9,25.9,1.9,1.6,3.5,0.09,1.5,-1.0,0.6,1.2,0,0,0,2024
Moses Moody,SG,21,GSW,66,1156,13.7,6.2,12.1,9.2,6.7,1.8,1.9,18.4,1.2,1.2,2.4,0.101,-0.2,0.1,-0.1,0.6,0,0,0,2024
Xavier Moon,SG,29,LAC,14,119,8.1,7.9,9.2,8.5,23.4,1.2,2.3,19.1,-0.2,0.1,-0.1,-0.026,-4.7,-1.4,-6.1,-0.1,0,0,0,2024
Taze Moore,SG,25,POR,4,40,11.8,10.6,11.9,11.2,20.4,2.5,0.0,24.3,0.0,0.0,0.0,-0.017,-2.5,-0.6,-3.1,0.0,0,1,0,2024
Wendell Moore Jr.,SG,22,MIN,25,75,8.6,0.0,17.4,9.1,10.9,3.3,1.2,13.0,-0.1,0.2,0.1,0.052,-6.1,3.3,-2.8,0.0,0,0,0,2024
Ja Morant,PG,24,MEM,9,318,20.6,2.0,15.8,8.6,42.2,1.1,1.5,30.4,0.5,0.3,0.8,0.124,2.7,0.4,3.1,0.4,0,0,0,2024
Markieff Morris,PF,34,DAL,26,216,6.6,2.0,17.6,9.9,9.4,1.1,1.2,16.4,-0.3,0.2,-0.1,-0.014,-4.0,-1.3,-5.3,-0.2,0,0,0,2024
Trey Murphy III,SF,23,NOP,57,1690,16.3,2.8,15.5,9.2,10.2,1.5,1.6,18.6,3.4,2.0,5.4,0.154,2.5,0.0,2.5,1.9,0,0,0,2024
Dejounte Murray,SG,27,ATL,78,2783,17.7,2.3,14.4,8.1,27.9,1.9,0.8,26.6,3.3,1.6,4.9,0.084,2.3,-0.6,1.7,2.6,0,0,0,2024
Jamal Murray,PG,26,DEN,59,1861,20.7,2.6,11.6,7.2,31.2,1.5,1.8,27.9,3.8,2.1,5.9,0.153,4.5,-0.4,4.1,2.9,0,0,0,2024
Keegan Murray,SF,23,SAC,77,2588,13.3,4.5,13.9,9.1,6.9,1.5,2.1,18.1,2.6,2.6,5.2,0.096,-0.4,-0.5,-0.9,0.8,0,0,0,2024
Kris Murray,SF,23,POR,62,1348,9.0,6.7,12.3,9.3,8.4,1.9,1.4,14.1,-0.4,1.0,0.7,0.024,-3.5,-0.2,-3.6,-0.6,0,1,0,2024
Svi Mykhailiuk,SF,26,BOS,41,413,11.7,3.0,10.0,6.7,11.0,1.3,0.2,16.1,0.5,0.4,0.9,0.106,-0.9,-0.9,-1.8,0.0,0,0,0,2024
Larry Nance Jr.,C,31,NOP,61,1216,14.9,8.7,19.3,14.1,12.1,2.5,1.5,11.3,2.1,1.9,4.1,0.16,-0.2,2.2,2.0,1.2,0,0,0,2024
Pete Nance,PF,23,CLE,8,27,-3.9,0.0,12.3,6.2,0.0,1.8,0.0,12.9,-0.1,0.0,-0.1,-0.154,-11.9,-3.2,-15.2,-0.1,0,1,0,2024
Andrew Nembhard,PG,24,IND,68,1697,11.3,2.4,7.0,4.7,20.0,1.8,0.3,16.0,1.3,0.7,2.0,0.057,-1.6,-0.5,-2.2,-0.1,0,0,0,2024
Aaron Nesmith,SF,24,IND,72,1995,12.8,3.6,12.0,7.8,6.6,1.5,2.0,16.0,2.8,1.3,4.1,0.098,-0.3,-0.2,-0.5,0.8,0,0,0,2024
Georges Niang,PF,30,CLE,82,1831,9.9,1.4,15.5,8.5,7.5,0.8,0.9,17.6,0.5,2.0,2.4,0.064,-2.5,-0.4,-2.9,-0.4,0,0,0,2024
Daishen Nix,PG,21,MIN,15,50,12.3,2.4,4.3,3.4,17.8,4.9,0.0,28.0,-0.1,0.1,0.0,0.014,-2.8,1.4,-1.4,0.0,0,0,0,2024
Zeke Nnaji,PF,23,DEN,58,576,12.4,12.1,12.2,12.1,7.0,1.3,5.6,15.4,0.4,0.8,1.2,0.099,-3.8,0.1,-3.7,-0.2,0,0,0,2024
Markquis Nowell,SG,24,TOR,1,4,55.5,53.9,0.0,27.5,57.1,12.1,0.0,20.1,0.0,0.0,0.1,0.665,29.1,14.2,43.3,0.0,0,1,0,2024
Frank Ntilikina,PG,25,CHO,5,43,0.0,2.5,13.5,7.8,11.5,0.0,0.0,11.2,-0.1,0.0,-0.1,-0.099,-10.0,-3.4,-13.4,-0.1,0,0,0,2024
Jusuf Nurkić,C,29,PHO,76,2078,17.4,12.8,31.7,22.8,19.9,1.9,3.4,19.1,2.0,3.8,5.8,0.133,-1.0,2.1,1.1,1.6,0,0,0,2024
Chuma Okeke,SF,25,ORL,47,432,6.9,4.9,17.0,10.9,6.2,1.0,1.5,13.3,-0.3,0.6,0.3,0.029,-3.2,-0.2,-3.4,-0.2,0,0,0,2024
Josh Okogie,SG,25,PHO,60,960,12.0,9.2,9.0,9.1,8.4,2.4,2.2,13.0,1.0,1.1,2.1,0.104,-1.3,0.8,-0.5,0.4,0,0,0,2024
Onyeka Okongwu,C,23,ATL,55,1405,16.9,10.8,18.6,14.6,7.2,0.9,3.8,13.7,3.5,1.0,4.5,0.153,0.0,-0.5,-0.4,0.5,0,0,0,2024
Isaac Okoro,SF,23,CLE,69,1887,11.4,4.0,8.2,6.1,9.5,1.5,1.6,13.9,2.1,2.0,4.2,0.106,-1.8,0.7,-1.1,0.4,0,0,0,2024
Eugene Omoruyi,SF,26,WAS,43,393,16.0,9.3,13.9,11.6,13.0,3.2,1.0,22.5,0.2,0.4,0.6,0.074,-1.9,-0.4,-2.3,0.0,0,0,0,2024
Cedi Osman,SF,28,SAS,72,1269,11.2,2.1,13.3,7.7,13.0,1.3,0.7,15.1,1.0,0.9,1.9,0.071,-1.7,-0.3,-2.1,0.0,0,0,0,2024
Kelly Oubre Jr.,SF,28,PHI,68,2055,13.5,5.0,13.5,9.2,7.3,1.8,2.1,22.4,0.6,2.4,3.0,0.07,-1.5,-0.7,-2.3,-0.1,0,0,0,2024
Chris Paul,PG,38,GSW,58,1531,14.7,1.3,14.4,7.9,33.4,2.2,0.4,15.6,2.6,1.7,4.3,0.136,-0.2,1.2,1.0,1.2,0,0,0,2024
Gary Payton II,SG,31,GSW,44,680,13.9,7.4,10.5,9.0,9.4,2.8,2.4,13.6,0.9,0.9,1.8,0.125,-1.3,2.2,0.9,0.5,0,0,0,2024
Mãozinha Pereira,SF,23,MEM,7,122,15.7,9.5,24.3,16.6,2.5,2.4,3.1,15.6,0.1,0.2,0.3,0.123,-1.2,0.7,-0.5,0.0,0,1,0,2024
Drew Peterson,PF,24,BOS,3,23,18.5,0.0,4.5,2.3,5.9,4.3,0.0,13.3,0.1,0.0,0.1,0.194,3.8,1.6,5.3,0.0,0,1,0,2024
Julian Phillips,SF,20,CHI,40,323,7.0,4.1,8.5,6.2,5.3,1.1,2.2,13.0,0.0,0.2,0.2,0.031,-4.7,-0.6,-5.3,-0.3,0,1,0,2024
Jalen Pickett,SG,24,DEN,27,122,9.7,0.9,11.5,6.4,21.7,1.6,0.0,16.4,0.0,0.1,0.2,0.065,-2.7,-0.5,-3.3,0.0,0,1,0,2024
Scotty Pippen Jr.,PG,23,MEM,21,527,16.4,4.4,9.7,7.0,30.7,3.3,1.8,23.0,0.3,0.7,1.0,0.09,-0.1,1.4,1.3,0.4,0,0,0,2024
Mason Plumlee,C,33,LAC,46,674,15.8,10.4,28.2,19.6,10.8,1.0,2.3,15.1,1.2,0.9,2.0,0.146,-1.1,0.4,-0.8,0.2,0,0,0,2024
Brandin Podziemski,SG,20,GSW,74,1968,13.0,6.6,16.7,11.7,18.1,1.5,0.6,15.4,2.1,2.0,4.1,0.1,-0.5,0.4,-0.1,0.9,0,1,1,2024
Jakob Poeltl,C,28,TOR,50,1319,18.9,11.9,24.1,17.9,14.0,1.3,5.1,16.2,2.4,1.4,3.8,0.138,-0.3,1.0,0.7,0.9,0,0,0,2024
Jordan Poole,SG,24,WAS,78,2346,12.1,1.4,8.4,4.8,21.4,1.7,0.9,26.4,-1.5,0.8,-0.6,-0.013,-2.0,-1.9,-3.9,-1.2,0,0,0,2024
Craig Porter Jr.,PG,23,CLE,51,649,15.4,3.7,15.1,9.4,26.5,1.6,2.1,20.2,0.6,0.9,1.5,0.108,-0.6,1.1,0.5,0.4,0,1,0,2024
Jontay Porter,PF,24,TOR,26,360,14.9,7.8,17.5,12.5,21.8,2.7,4.9,15.8,0.2,0.4,0.7,0.089,-0.3,1.9,1.7,0.3,0,0,0,2024
Michael Porter Jr.,SF,25,DEN,81,2565,15.5,4.7,19.3,12.2,6.7,0.8,1.8,20.7,3.1,3.1,6.2,0.115,1.2,-1.2,0.1,1.3,0,0,0,2024
Otto Porter Jr.,SF,30,TOR,15,174,8.7,3.7,14.8,9.2,5.8,1.4,2.5,8.9,0.1,0.1,0.3,0.07,-3.5,0.3,-3.2,-0.1,0,0,0,2024
Bobby Portis,PF,28,MIL,82,2008,17.5,7.9,24.8,16.6,7.8,1.6,1.4,22.9,2.1,2.6,4.7,0.112,0.0,-0.8,-0.8,0.6,0,0,0,2024
Kristaps Porziņģis,C,28,BOS,57,1690,23.2,6.5,19.1,13.1,10.0,1.2,5.8,25.1,4.9,3.0,7.9,0.226,3.5,1.6,5.1,3.0,0,0,0,2024
Micah Potter,PF,25,UTA,16,186,11.0,6.0,19.4,12.7,4.2,1.0,2.9,10.9,0.2,0.1,0.3,0.075,-1.4,-0.9,-2.3,0.0,0,0,0,2024
Dwight Powell,C,32,DAL,63,836,14.5,12.7,15.2,14.0,12.4,1.5,2.1,9.1,2.2,0.9,3.1,0.181,-1.1,0.8,-0.3,0.4,0,0,0,2024
Norman Powell,SG,30,LAC,76,1990,13.9,0.9,9.8,5.5,5.9,1.1,1.0,20.0,2.8,1.3,4.1,0.099,0.4,-1.2,-0.8,0.6,0,0,0,2024
Jason Preston,PG,24,UTA,7,71,10.5,9.4,16.9,13.2,28.7,1.4,1.3,12.4,0.0,0.0,0.0,0.026,-2.5,-0.1,-2.6,0.0,0,0,0,2024
Joshua Primo,SG,21,LAC,2,10,-12.8,11.7,0.0,5.6,0.0,0.0,9.0,30.7,-0.1,0.0,-0.1,-0.585,-16.8,-8.2,-25.0,-0.1,0,0,0,2024
Taurean Prince,PF,29,LAL,78,2108,8.8,1.2,10.5,6.1,7.2,1.3,1.4,13.8,0.3,1.7,1.9,0.043,-2.6,-0.2,-2.8,-0.4,0,0,0,2024
Payton Pritchard,PG,26,BOS,82,1825,15.3,4.3,11.1,7.8,20.7,1.1,0.3,17.2,4.2,1.9,6.1,0.16,1.3,-0.2,1.0,1.4,0,0,0,2024
Olivier-Maxence Prosper,PF,21,DAL,40,336,11.6,8.2,17.5,12.8,8.4,1.0,1.0,16.6,0.2,0.3,0.5,0.076,-1.7,-1.3,-2.9,-0.1,0,1,0,2024
Trevelin Queen,SG,26,ORL,14,165,8.3,2.1,12.2,7.1,14.5,2.1,2.8,13.3,-0.1,0.3,0.2,0.056,-4.7,1.4,-3.4,-0.1,0,0,0,2024
Neemias Queta,C,24,BOS,28,333,22.9,17.9,21.5,19.8,8.5,1.9,5.5,16.9,1.1,0.7,1.8,0.259,0.4,1.1,1.5,0.3,0,0,0,2024
Lester Quinones,SG,23,GSW,37,394,10.3,5.8,13.8,9.9,12.0,0.7,0.5,18.3,0.3,0.3,0.6,0.068,-2.0,-1.3,-3.3,-0.1,0,0,0,2024
Jahmi'us Ramsey,SG,22,TOR,7,121,10.6,3.6,16.7,10.0,9.1,2.8,0.0,17.9,-0.1,0.1,0.1,0.021,-3.9,-0.5,-4.4,-0.1,0,0,0,2024
Julius Randle,PF,29,NYK,46,1630,18.9,6.8,22.4,14.6,22.8,0.8,0.7,29.9,1.9,1.9,3.8,0.113,2.2,-0.3,1.9,1.6,0,0,0,2024
Duop Reath,C,27,POR,68,1214,15.1,8.1,15.4,11.5,8.9,1.3,2.8,20.7,1.4,1.0,2.4,0.095,-0.2,-0.7,-0.9,0.3,0,1,0,2024
Austin Reaves,SG,25,LAL,82,2629,15.5,2.5,11.9,7.4,23.5,1.2,0.8,20.3,3.9,2.0,5.9,0.108,0.9,-0.4,0.4,1.6,0,0,0,2024
Cam Reddish,SF,24,LAL,48,984,7.7,3.2,7.7,5.6,6.0,2.3,1.2,12.7,-0.3,0.9,0.6,0.03,-4.0,0.8,-3.2,-0.3,0,0,0,2024
Paul Reed,C,24,PHI,82,1590,17.4,13.2,20.9,16.9,9.8,2.1,4.8,15.9,2.5,2.6,5.1,0.154,-0.6,1.0,0.4,0.9,0,0,0,2024
Naz Reid,C,24,MIN,81,1964,16.0,4.4,19.3,12.2,8.3,1.6,3.3,23.1,1.1,3.8,4.9,0.12,0.4,1.1,1.5,1.7,0,0,0,2024
Jared Rhoden,SG,24,DET,17,245,10.3,1.3,13.9,7.5,8.0,0.6,4.5,13.3,0.1,0.2,0.3,0.06,-2.9,0.4,-2.5,0.0,0,0,0,2024
Nick Richards,C,26,CHO,67,1759,16.7,10.7,24.2,17.2,4.5,0.7,3.9,13.3,3.8,1.3,5.1,0.14,-1.6,-0.7,-2.3,-0.1,0,0,0,2024
Josh Richardson,SG,30,MIA,43,1103,11.4,1.8,10.7,6.2,13.9,1.1,1.2,16.5,0.9,1.2,2.1,0.093,-1.3,0.0,-1.3,0.2,0,0,0,2024
Duncan Robinson,SF,29,MIA,68,1905,12.2,0.9,9.5,5.1,15.1,1.2,0.8,19.0,1.6,2.0,3.6,0.091,-0.5,-0.4,-0.9,0.6,0,0,0,2024
Jerome Robinson,SG,26,GSW,22,81,5.7,1.4,6.6,4.0,8.0,0.6,3.3,20.7,-0.1,0.1,-0.1,-0.04,-6.1,-2.2,-8.3,-0.1,0,0,0,2024
Mitchell Robinson,C,25,NYK,31,768,16.1,20.7,17.7,19.2,3.1,2.4,4.3,10.2,1.2,1.3,2.5,0.155,-0.3,0.4,0.0,0.4,0,0,0,2024
Orlando Robinson,C,23,MIA,36,304,14.0,10.4,21.0,15.7,15.8,1.1,2.6,14.8,0.4,0.5,0.9,0.135,-1.9,0.8,-1.1,0.1,0,0,0,2024
Jeremiah Robinson-Earl,PF,23,NOP,39,334,11.8,7.8,17.5,12.7,8.4,1.5,1.2,15.4,0.2,0.4,0.6,0.086,-1.9,-0.3,-2.2,0.0,0,0,0,2024
Derrick Rose,PG,35,MEM,24,399,13.1,1.8,10.9,6.2,32.3,1.0,0.5,22.3,0.1,0.3,0.4,0.046,-1.3,-1.5,-2.8,-0.1,0,0,0,2024
Rayan Rupert,SG,19,POR,39,633,5.8,4.0,12.8,8.1,13.5,0.9,0.4,13.6,-0.4,0.3,-0.1,-0.009,-5.6,-1.2,-6.7,-0.8,0,1,0,2024
D'Angelo Russell,PG,27,LAL,76,2484,16.0,1.3,8.9,5.3,27.6,1.3,1.3,23.0,3.3,1.8,5.1,0.099,1.7,-0.8,0.9,1.8,0,0,0,2024
Matt Ryan,SF,26,NOP,28,390,9.0,1.7,9.6,5.7,6.1,0.8,0.3,15.4,0.2,0.3,0.5,0.065,-1.4,-1.3,-2.7,-0.1,0,0,0,2024
Domantas Sabonis,C,27,SAC,82,2928,23.2,11.0,32.3,21.4,33.9,1.2,1.5,22.2,8.6,4.0,12.6,0.206,4.0,2.4,6.5,6.2,1,0,0,2024
Luka Šamanić,PF,24,UTA,43,404,8.9,6.0,21.6,13.9,6.5,0.6,1.5,21.8,-0.4,0.2,-0.2,-0.029,-4.9,-2.9,-7.8,-0.6,0,0,0,2024
Jermaine Samuels,SF,25,HOU,14,60,15.1,5.3,18.1,11.6,7.0,0.8,3.1,10.5,0.1,0.1,0.2,0.178,-0.3,1.1,0.8,0.0,0,1,0,2024
Adama Sanogo,PF,21,CHI,9,66,21.9,31.6,29.4,30.5,0.0,0.8,0.0,24.8,0.1,0.1,0.2,0.133,-0.4,-6.3,-6.7,-0.1,0,1,0,2024
Gui Santos,PF,21,GSW,23,192,15.6,9.7,17.7,13.8,9.6,1.0,0.9,15.2,0.5,0.2,0.7,0.169,0.0,-0.5,-0.5,0.1,0,1,0,2024
Dario Šarić,C,29,GSW,64,1098,15.3,7.3,20.4,13.9,17.8,1.4,0.8,19.5,1.6,1.2,2.8,0.123,0.6,0.4,1.0,0.9,0,0,0,2024
Olivier Sarr,C,24,OKC,15,98,14.8,11.8,28.5,20.5,2.5,0.0,6.6,12.7,0.2,0.2,0.4,0.186,-2.6,-0.1,-2.6,0.0,0,0,0,2024
Marcus Sasser,PG,23,DET,71,1351,11.8,0.9,9.6,5.2,25.4,1.6,0.8,19.9,0.3,0.6,0.9,0.033,-1.5,-1.1,-2.6,-0.2,0,1,0,2024
Admiral Schofield,PF,26,ORL,23,84,6.0,4.2,19.7,11.9,11.6,0.6,0.0,16.6,-0.1,0.1,0.0,0.006,-4.1,-0.8,-4.9,-0.1,0,0,0,2024
Dereon Seabron,SG,23,NOP,6,55,9.2,2.0,12.0,7.1,11.2,1.8,1.8,12.4,0.0,0.1,0.1,0.087,-2.7,1.2,-1.5,0.0,0,0,0,2024
Alperen Sengun,C,21,HOU,63,2046,22.0,9.5,21.5,15.4,25.2,1.8,2.1,27.0,3.8,3.1,6.9,0.163,3.1,1.7,4.9,3.5,0,0,0,2024
Brice Sensabaugh,SF,20,UTA,32,584,8.6,3.0,16.1,9.6,13.0,1.1,0.9,20.3,-0.5,0.2,-0.3,-0.024,-3.3,-2.1,-5.5,-0.5,0,1,0,2024
Collin Sexton,SG,25,UTA,78,2075,19.9,3.8,7.1,5.4,29.5,1.4,0.8,27.5,5.2,0.3,5.5,0.127,3.8,-1.9,1.9,2.0,0,0,0,2024
Landry Shamet,SG,26,WAS,46,726,10.5,2.3,6.9,4.6,10.2,1.6,1.1,18.8,0.1,0.2,0.3,0.022,-2.7,-1.3,-4.0,-0.4,0,0,0,2024
Day'Ron Sharpe,C,22,BRK,61,921,20.0,18.6,27.9,23.1,14.0,1.3,4.3,19.7,1.6,1.3,2.9,0.152,-0.4,0.4,0.0,0.5,0,0,0,2024
Shaedon Sharpe,SG,20,POR,32,1059,11.4,4.2,13.3,8.5,13.8,1.3,1.0,22.4,-0.2,0.6,0.5,0.022,-1.9,-0.9,-2.8,-0.2,0,0,0,2024
Ben Sheppard,SG,22,IND,57,814,8.1,2.1,10.3,6.2,7.5,1.9,0.2,13.2,0.3,0.4,0.8,0.046,-3.3,-0.1,-3.4,-0.3,0,1,0,2024
Ben Simmons,PG,27,BRK,15,359,16.3,9.2,27.6,18.1,33.2,1.7,2.3,13.0,0.5,0.5,1.0,0.133,-0.5,2.9,2.4,0.4,0,0,0,2024
Kobi Simmons,PG,26,TOR,4,67,14.5,1.6,10.1,5.7,24.2,4.3,2.6,14.0,0.1,0.1,0.1,0.098,-2.6,1.6,-1.0,0.0,0,0,0,2024
Anfernee Simons,SG,24,POR,46,1582,15.9,1.5,10.9,5.9,27.6,0.7,0.3,28.0,1.7,0.5,2.2,0.068,2.7,-2.5,0.2,0.8,0,0,0,2024
Zavier Simpson,PG,26,MEM,7,161,6.3,2.6,11.3,6.8,22.5,2.1,1.7,17.5,-0.3,0.2,-0.2,-0.046,-6.2,0.3,-5.9,-0.2,0,0,0,2024
Jericho Sims,C,25,NYK,45,585,10.9,10.7,17.5,14.1,5.4,0.7,3.0,6.0,0.9,0.7,1.5,0.127,-2.4,0.7,-1.8,0.0,0,0,0,2024
Dmytro Skapintsev,C,25,NYK,2,2,-19.3,0.0,0.0,0.0,0.0,0.0,0.0,21.6,0.0,0.0,0.0,-0.483,-16.0,-9.8,-25.9,0.0,0,1,0,2024
Jalen Slawson,SF,24,SAC,12,37,6.6,3.0,18.6,10.6,6.9,1.3,2.5,9.2,0.0,0.0,0.0,0.058,-7.5,1.1,-6.4,0.0,0,1,0,2024
Javonte Smart,PG,24,PHI,1,1,0.0,0.0,0.0,0.0,0.0,0.0,0.0,0.0,0.0,0.0,0.0,0.005,-6.2,-2.1,-8.3,0.0,0,0,0,2024
Marcus Smart,PG,29,MEM,20,605,11.8,1.0,8.9,4.8,22.7,3.3,0.8,22.9,-0.5,0.7,0.2,0.02,-3.3,0.9,-2.4,0.0,0,0,0,2024
Dennis Smith Jr.,PG,26,BRK,56,1059,13.4,5.0,12.1,8.5,27.3,3.2,1.0,17.7,0.5,1.3,1.8,0.08,-2.6,1.8,-0.8,0.3,0,0,0,2024
Dru Smith,SG,26,MIA,9,131,12.8,5.1,7.0,6.1,15.0,3.4,2.2,13.2,0.1,0.2,0.3,0.125,-1.8,3.2,1.4,0.1,0,0,0,2024
Ish Smith,PG,35,CHO,43,741,6.8,1.6,10.2,5.8,26.4,1.1,0.5,12.3,-0.5,0.2,-0.4,-0.025,-5.6,-1.2,-6.8,-0.9,0,0,0,2024
Jabari Smith Jr.,PF,20,HOU,76,2424,13.8,6.1,21.3,13.6,7.1,1.0,2.3,17.6,2.4,3.2,5.6,0.111,-0.5,0.1,-0.4,1.0,0,0,0,2024
Jalen Smith,C,23,IND,61,1047,20.7,12.1,24.3,18.2,8.0,0.8,2.9,19.4,3.1,0.9,4.0,0.182,3.2,-0.8,2.4,1.2,0,0,0,2024
Nick Smith Jr.,SG,19,CHO,51,729,8.1,2.7,8.6,5.5,12.0,0.7,0.9,20.3,-0.6,0.1,-0.5,-0.036,-3.1,-2.8,-5.9,-0.7,0,1,0,2024
Terquavion Smith,PG,21,PHI,16,84,14.8,0.0,5.4,2.6,22.1,4.7,0.0,28.4,0.0,0.1,0.1,0.05,0.3,0.5,0.8,0.1,0,1,0,2024
Jeremy Sochan,PF,20,SAS,74,2193,11.4,6.7,16.9,11.7,16.0,1.3,1.5,18.8,-0.5,1.9,1.4,0.03,-2.8,-0.6,-3.4,-0.8,0,0,0,2024
Pat Spencer,PG,27,GSW,6,26,9.4,8.4,8.2,8.3,23.3,0.0,0.0,8.1,0.0,0.0,0.0,0.084,-3.4,-3.1,-6.4,0.0,0,1,0,2024
Isaiah Stewart,PF,22,DET,46,1423,11.3,5.7,18.4,11.9,7.1,0.6,2.3,14.5,0.9,0.8,1.7,0.056,-1.6,-0.7,-2.3,-0.1,0,0,0,2024
Julian Strawther,SF,21,DEN,50,545,8.2,1.0,11.1,6.2,11.3,1.5,1.1,20.7,-0.4,0.6,0.2,0.015,-4.6,-1.4,-6.0,-0.6,0,1,0,2024
Max Strus,SF,27,CLE,70,2239,11.7,3.4,13.5,8.5,17.3,1.4,1.2,17.4,1.2,2.6,3.9,0.083,-1.1,0.5,-0.6,0.8,0,0,0,2024
Jalen Suggs,SG,22,ORL,75,2025,14.1,2.8,10.6,6.6,15.0,2.6,2.2,19.7,1.5,3.2,4.7,0.112,-0.6,1.6,1.0,1.5,0,0,0,2024
Cole Swider,SF,24,MIA,18,87,7.1,1.3,7.9,4.6,8.8,0.6,1.1,24.0,-0.2,0.1,-0.1,-0.05,-2.1,-2.4,-4.5,-0.1,0,0,0,2024
Jae'Sean Tate,SF,28,HOU,65,1031,9.3,6.3,14.3,10.2,8.2,2.0,1.3,11.7,0.4,1.3,1.8,0.082,-3.7,1.5,-2.3,-0.1,0,0,0,2024
Jayson Tatum,PF,25,BOS,74,2645,22.3,2.9,20.9,12.3,21.0,1.4,1.4,30.2,6.4,4.1,10.4,0.189,4.5,0.6,5.1,4.7,1,0,0,2024
Terry Taylor,PF,24,CHI,31,188,10.1,9.9,12.1,11.0,7.0,1.3,1.1,11.3,0.1,0.1,0.3,0.07,-3.1,-0.1,-3.2,0.0,0,0,0,2024
Garrett Temple,SG,37,TOR,27,289,9.5,6.7,10.5,8.6,12.5,2.0,0.9,15.0,0.0,0.2,0.2,0.032,-3.4,-1.2,-4.7,-0.2,0,0,0,2024
Dalen Terry,SG,21,CHI,59,681,10.2,4.7,14.1,9.3,15.6,2.0,2.7,13.4,0.1,0.7,0.8,0.06,-3.4,1.1,-2.3,0.0,0,0,0,2024
Cam Thomas,SG,22,BRK,66,2075,16.1,1.4,10.1,5.6,15.7,1.1,0.7,30.5,1.3,1.2,2.5,0.058,0.7,-1.9,-1.2,0.4,0,0,0,2024
Isaiah Thomas,PG,34,PHO,6,19,6.7,0.0,0.0,0.0,21.9,0.0,0.0,22.8,0.0,0.0,0.0,-0.03,-1.6,-5.2,-6.9,0.0,0,0,0,2024
Amen Thompson,SF,21,HOU,62,1388,18.2,11.3,20.4,15.8,17.0,2.7,2.5,18.5,1.9,2.4,4.3,0.149,-0.1,1.9,1.8,1.3,0,1,1,2024
Ausar Thompson,SF,21,DET,63,1583,12.8,8.9,19.6,14.2,10.8,2.1,3.2,16.6,0.1,1.7,1.8,0.053,-2.8,0.6,-2.2,-0.1,0,1,0,2024
Klay Thompson,SF,33,GSW,77,2284,13.9,1.7,10.2,6.0,11.2,1.1,1.4,24.2,1.8,1.7,3.6,0.075,1.1,-1.5,-0.4,0.9,0,0,0,2024
Tristan Thompson,C,32,CLE,49,549,13.9,15.1,20.4,17.8,12.7,1.1,2.3,13.8,0.6,0.8,1.4,0.119,-2.1,0.6,-1.4,0.1,0,0,0,2024
JT Thor,PF,21,CHO,63,781,9.1,6.0,15.3,10.5,5.1,0.7,3.2,11.7,0.2,0.3,0.6,0.034,-3.5,-1.1,-4.5,-0.5,0,0,0,2024
Matisse Thybulle,SF,26,POR,65,1487,10.4,2.1,8.5,5.1,8.3,3.8,3.0,10.6,0.4,1.8,2.2,0.072,-2.8,3.4,0.6,0.9,0,0,0,2024
Jacob Toppin,SF,23,NYK,9,38,14.3,8.8,11.9,10.3,10.9,0.0,2.5,12.4,0.1,0.0,0.1,0.161,0.6,-1.3,-0.7,0.0,0,1,0,2024
Obi Toppin,PF,25,IND,82,1730,16.5,5.6,15.4,10.5,9.4,1.3,2.0,16.8,3.6,1.1,4.8,0.132,1.8,-0.3,1.5,1.5,0,0,0,2024
Juan Toscano-Anderson,SF,30,SAC,11,53,2.5,8.3,21.6,14.8,9.0,0.9,1.7,11.3,-0.1,0.1,0.0,-0.024,-8.7,-0.6,-9.4,-0.1,0,0,0,2024
Karl-Anthony Towns,PF,28,MIN,62,2026,18.8,5.5,22.6,14.4,15.1,1.0,1.8,27.4,2.6,3.6,6.3,0.148,1.6,0.9,2.5,2.3,0,0,0,2024
Gary Trent Jr.,SG,25,TOR,71,1994,12.0,1.4,9.2,5.2,8.6,1.9,0.4,20.0,0.8,0.9,1.7,0.04,-1.2,-1.4,-2.6,-0.3,0,0,0,2024
Oscar Tshiebwe,PF,24,IND,8,42,24.8,21.6,21.6,21.6,6.4,2.2,1.9,23.5,0.1,0.0,0.2,0.221,4.5,-2.3,2.2,0.0,0,1,0,2024
Myles Turner,C,27,IND,77,2076,19.3,6.2,22.9,14.5,6.4,0.9,5.5,23.4,3.6,2.2,5.8,0.134,1.0,-0.1,0.9,1.5,0,0,0,2024
Hunter Tyson,PF,23,DEN,18,48,6.0,2.4,18.0,10.4,5.6,1.0,0.0,20.0,0.0,0.1,0.0,0.007,-6.8,-2.1,-8.9,-0.1,0,1,0,2024
Stanley Umude,SG,24,DET,24,307,11.4,2.9,15.9,9.3,4.9,1.3,2.0,15.6,0.3,0.2,0.5,0.085,-1.5,-0.1,-1.6,0.0,0,0,0,2024
Jonas Valančiūnas,C,31,NOP,82,1925,19.8,10.9,30.6,20.9,13.3,0.8,3.5,20.8,3.9,3.1,7.1,0.177,0.7,0.5,1.2,1.6,0,0,0,2024
Jarred Vanderbilt,PF,24,LAL,29,581,11.6,8.3,17.7,13.2,7.7,2.9,0.7,11.7,0.3,0.8,1.1,0.089,-2.9,1.3,-1.6,0.0,0,0,0,2024
Fred VanVleet,PG,29,HOU,73,2684,16.7,1.3,9.9,5.6,31.1,1.8,2.0,19.7,5.3,3.1,8.4,0.15,2.6,0.8,3.4,3.6,0,0,0,2024
Devin Vassell,SG,23,SAS,68,2248,15.7,1.3,11.3,6.3,19.1,1.5,0.8,23.5,2.0,1.6,3.6,0.077,0.9,-0.9,0.0,1.1,0,0,0,2024
Sasha Vezenkov,PF,28,SAC,42,511,13.3,6.4,14.8,10.5,5.1,1.9,1.3,17.5,0.5,0.5,1.0,0.098,-0.2,-0.7,-0.9,0.1,0,1,0,2024
Gabe Vincent,PG,27,LAL,11,218,3.1,2.1,2.4,2.3,11.6,2.0,0.0,10.9,-0.3,0.1,-0.1,-0.033,-6.9,0.4,-6.5,-0.2,0,0,0,2024
Nikola Vučević,C,33,CHI,76,2610,17.7,8.8,25.8,17.1,15.2,1.0,2.4,23.3,2.7,2.8,5.4,0.1,0.8,-0.7,0.1,1.4,0,0,0,2024
Tristan Vukcevic,C,20,WAS,10,153,13.9,4.1,21.5,12.6,12.1,1.5,3.7,23.9,0.0,0.1,0.1,0.045,-3.5,-0.1,-3.6,-0.1,0,1,0,2024
Dean Wade,PF,27,CLE,54,1108,10.2,3.8,18.2,11.1,5.0,1.8,2.0,10.5,0.9,1.6,2.5,0.11,-1.7,1.8,0.1,0.6,0,0,0,2024
Franz Wagner,SF,22,ORL,72,2337,17.6,3.6,15.7,9.6,18.8,1.6,1.1,25.7,3.1,3.2,6.4,0.131,0.9,0.3,1.2,1.9,0,0,0,2024
Moritz Wagner,C,26,ORL,80,1415,20.6,9.6,19.3,14.4,11.2,1.4,1.4,22.8,3.5,2.0,5.6,0.188,1.7,0.3,2.0,1.4,0,0,0,2024
Jabari Walker,SF,21,POR,72,1700,13.0,9.4,25.0,16.7,6.2,1.2,1.2,16.3,1.4,1.6,2.9,0.083,-2.4,-0.9,-3.3,-0.6,0,0,0,2024
Jarace Walker,PF,20,IND,33,340,11.8,4.0,17.0,10.5,13.9,2.1,2.6,16.1,0.1,0.3,0.4,0.058,-0.5,0.7,0.2,0.2,0,1,0,2024
Lonnie Walker IV,SG,25,BRK,58,1011,13.1,1.4,12.7,6.9,11.5,1.6,1.8,24.4,-0.1,0.9,0.8,0.038,-0.4,-1.0,-1.4,0.2,0,0,0,2024
Cason Wallace,SG,20,OKC,82,1692,12.0,3.6,8.6,6.2,8.9,2.2,2.0,12.9,1.9,2.1,4.0,0.115,-0.9,1.0,0.1,0.9,0,1,1,2024
Jordan Walsh,SF,19,BOS,9,83,8.4,6.8,18.7,13.0,7.2,3.0,1.1,9.9,0.0,0.2,0.2,0.089,-5.6,1.8,-3.8,0.0,0,1,0,2024
T.J. Warren,SF,30,MIN,11,125,9.2,4.8,14.8,10.0,10.1,1.6,0.7,16.5,0.0,0.2,0.2,0.06,-5.0,0.5,-4.5,-0.1,0,0,0,2024
TyTy Washington Jr.,PG,22,MIL,11,56,4.6,2.0,7.7,4.9,11.4,2.6,0.0,17.0,-0.1,0.1,-0.1,-0.072,-7.1,-1.0,-8.2,-0.1,0,0,0,2024
Lindy Waters III,SG,26,OKC,38,280,15.3,2.9,12.6,8.0,11.5,0.9,2.3,17.3,0.6,0.3,0.9,0.15,2.4,-0.5,1.9,0.3,0,0,0,2024
Trendon Watford,PF,23,BRK,63,856,15.7,6.5,18.7,12.4,14.6,1.3,2.0,21.1,0.9,0.9,1.8,0.1,-0.9,0.4,-0.5,0.3,0,0,0,2024
Peyton Watson,SF,21,DEN,80,1488,11.8,4.3,14.6,9.6,7.4,1.4,5.0,16.2,0.3,2.2,2.5,0.079,-3.0,0.8,-2.2,-0.1,0,0,0,2024
Victor Wembanyama,C,20,SAS,71,2106,23.1,8.2,30.7,19.4,21.5,2.0,10.0,32.2,-0.7,4.4,3.7,0.085,1.9,3.3,5.2,3.8,0,1,1,2024
Blake Wesley,SG,20,SAS,61,876,10.1,2.2,9.5,5.8,25.3,1.6,0.9,14.7,0.3,0.6,0.9,0.05,-4.0,0.1,-4.0,-0.4,0,0,0,2024
Russell Westbrook,PG,35,LAC,68,1529,16.2,7.1,17.8,12.7,29.2,2.4,1.4,25.2,0.2,1.9,2.1,0.066,-0.2,0.7,0.5,1.0,0,0,0,2024
Coby White,PG,23,CHI,79,2881,14.5,1.7,12.4,6.9,20.8,0.9,0.6,22.7,3.1,1.6,4.7,0.078,0.7,-1.3,-0.7,0.9,0,0,0,2024
Derrick White,SG,29,BOS,73,2381,16.9,2.4,11.3,7.0,21.2,1.5,3.2,18.6,5.2,3.3,8.5,0.171,2.4,1.4,3.8,3.5,0,0,0,2024
Jack White,SF,26,MEM,4,64,1.1,6.6,14.2,10.3,2.0,3.1,1.5,12.1,-0.2,0.1,-0.1,-0.1,-9.1,-1.2,-10.3,-0.1,0,0,0,2024
Cam Whitmore,SF,19,HOU,47,880,16.6,5.3,16.7,11.0,6.0,1.7,1.8,27.1,0.4,1.1,1.5,0.082,1.0,-0.9,0.1,0.5,0,1,0,2024
Aaron Wiggins,SG,25,OKC,78,1228,15.6,5.7,11.0,8.4,9.3,2.2,1.4,16.4,2.1,1.6,3.7,0.144,0.4,0.4,0.7,0.8,0,0,0,2024
Andrew Wiggins,SF,28,GSW,71,1920,12.7,6.2,11.8,9.0,8.6,1.1,1.9,20.9,1.2,1.6,2.8,0.07,-1.4,-1.2,-2.5,-0.3,0,0,0,2024
Lindell Wigginton,PG,25,MIL,3,8,5.6,0.0,0.0,0.0,0.0,0.0,0.0,37.1,0.0,0.0,0.0,-0.154,-14.6,-9.2,-23.9,0.0,0,0,0,2024
Alondes Williams,SG,24,MIA,7,16,-7.9,0.0,7.1,3.5,0.0,0.0,6.1,29.1,-0.1,0.0,-0.1,-0.357,-17.8,-5.4,-23.2,-0.1,0,0,0,2024
Brandon Williams,PG,24,DAL,17,113,9.3,3.9,8.7,6.3,20.9,0.4,0.8,26.0,-0.2,0.1,-0.1,-0.044,-2.7,-2.8,-5.5,-0.1,0,0,0,2024
Jalen Williams,PF,22,OKC,71,2223,19.1,1.9,11.8,7.1,21.3,1.7,1.9,23.7,4.5,2.7,7.3,0.157,2.0,0.3,2.3,2.4,0,0,0,2024
Jaylin Williams,C,21,OKC,69,897,12.7,4.7,23.7,14.5,15.0,1.5,2.8,13.5,1.0,1.5,2.4,0.13,-0.8,1.9,1.1,0.7,0,0,0,2024
Jeenathan Williams,SG,24,HOU,22,129,15.6,9.9,9.2,9.6,8.3,1.5,0.7,19.7,0.2,0.1,0.3,0.11,-0.8,-0.8,-1.6,0.0,0,0,0,2024
Kenrich Williams,PF,29,OKC,69,1029,11.9,6.9,15.4,11.3,11.4,1.8,0.8,13.4,1.1,1.3,2.5,0.115,-1.1,0.3,-0.8,0.3,0,0,0,2024
Malik Williams,C,25,TOR,7,107,4.9,15.1,24.1,19.5,2.4,1.4,3.3,15.1,-0.3,0.1,-0.2,-0.069,-7.8,-3.7,-11.5,-0.3,0,1,0,2024
Mark Williams,C,22,CHO,19,508,22.5,16.3,24.6,20.4,6.8,1.6,3.7,17.1,1.6,0.5,2.1,0.198,1.6,-0.8,0.8,0.3,0,0,0,2024
Patrick Williams,PF,22,CHI,43,1174,11.0,4.3,11.7,7.9,7.7,1.7,2.9,16.6,0.1,1.0,1.2,0.048,-2.1,-0.1,-2.3,-0.1,0,0,0,2024
Robert Williams,C,26,POR,6,119,17.2,9.8,27.0,17.9,6.3,2.9,5.3,13.2,0.2,0.2,0.4,0.144,-2.2,2.9,0.7,0.1,0,0,0,2024
Vince Williams Jr.,SG,23,MEM,52,1436,12.8,4.3,18.3,11.0,18.0,1.6,2.2,15.8,1.1,1.7,2.8,0.093,-1.7,1.0,-0.7,0.5,0,0,0,2024
Ziaire Williams,SF,22,MEM,51,1038,9.3,3.5,15.9,9.5,11.1,1.7,0.8,19.7,-0.9,1.1,0.2,0.01,-4.0,-0.4,-4.5,-0.6,0,0,0,2024
Zion Williamson,PF,23,NOP,70,2207,22.8,6.2,14.2,10.2,26.5,1.7,2.1,29.7,4.7,2.8,7.5,0.164,3.3,0.6,3.8,3.3,0,0,0,2024
D.J. Wilson,PF,27,PHI,2,15,31.6,7.2,7.5,7.4,22.5,0.0,12.2,17.3,0.1,0.0,0.1,0.355,15.5,7.0,22.4,0.1,0,0,0,2024
Jalen Wilson,PF,23,BRK,43,664,10.8,7.5,14.2,10.8,9.3,0.8,0.5,14.3,0.6,0.4,1.1,0.077,-1.8,-1.1,-2.9,-0.2,0,1,0,2024
James Wiseman,C,22,DET,63,1091,14.8,11.0,23.5,17.2,7.3,0.5,3.1,16.3,1.3,0.8,2.1,0.094,-2.6,-0.9,-3.5,-0.4,0,0,0,2024
Isaiah Wong,SG,23,IND,1,4,-1.1,0.0,0.0,0.0,0.0,0.0,0.0,31.4,0.0,0.0,0.0,-0.277,-11.3,-7.7,-19.0,0.0,0,1,0,2024
Christian Wood,PF,28,LAL,50,872,12.3,5.2,26.1,16.2,7.4,0.9,3.3,17.6,0.0,1.1,1.2,0.064,-2.6,-0.2,-2.8,-0.2,0,0,0,2024
Trae Young,PG,25,ATL,54,1942,20.3,1.2,7.3,4.2,45.1,1.8,0.5,30.5,4.0,0.6,4.6,0.114,4.9,-2.3,2.6,2.2,0,0,0,2024
Omer Yurtseven,C,25,UTA,48,545,15.0,14.7,27.3,21.0,7.7,0.7,2.9,17.9,0.3,0.4,0.7,0.062,-1.6,-1.5,-3.0,-0.1,0,0,0,2024
Cody Zeller,C,31,NOP,43,320,12.8,16.9,22.0,19.5,15.2,1.4,1.5,12.9,0.4,0.4,0.8,0.124,-2.9,0.3,-2.6,0.0,0,0,0,2024
Ivica Zubac,C,26,LAC,68,1794,19.3,12.8,26.2,19.7,7.5,0.6,4.2,16.4,4.5,2.3,6.8,0.182,0.8,0.0,0.8,1.3,0,0,0,2024
